suite,name,summary,precondition,step_number,step,expectedresult
응모라운지,응모라운지_001,UI 확인,,1,1. 응모라운지 메인 UI 확인,"아래와 같이 노출된다.

 - 타이틀 : 응모라운지
 - 응모라운지/핫딜라운지 탭
 - 나의 보유 응모 패스 {N} 개
 - 전체/참여한 목록 탭
 "
응모라운지,응모라운지_002,새로고침,,2,"1. 응모라운지 메인 진입 상태
2. 스와이프 다운 동작",응모라운지 메인 새로고침 동작 확인
응모라운지,전체 탭_001,목록,  노출중인 응모가 없는 상태,1,"1. 응모라운지 진입
2. 응모라운지 탭
3. 전체 Tab 확인","아래 문구가 노출된다.

 - 진행중인 응모가 없습니다."
응모라운지,전체 탭_002,목록,  노출중인 응모가 있는 상태,2,"1. 응모라운지 진입
2. 응모라운지 탭
3. 전체 Tab 확인","아래와 같이 노출된다.

 - 썸네일 이미지, 타이틀명, 타이틀 설명
 - 딩첨자 수, 경품가/응모가
 - 마감 카운드다운
 - 최대 10개 노출 (스크롤 시 10개씩 추가 노출)
 - 전체 등록된 응모 노출
 - 업데이트 수정 기준 정렬"
응모라운지,전체 탭_003,목록,  응모 마감 시간 직전 응모가 있는 상태,3,"1. 응모라운지 진입
2. 응모라운지 탭
3. 전체 Tab 확인",[TBD] 마감 시간 종료될 경우 마감으로 변경되는지 확인
응모라운지,전체 탭_004,진행중인 응모,,1,"1. 전체 Tab 진입
2. 진행중인 응모 클릭","응모 상세페이지로 이동된다.

 - 헤더 : [<] 뒤로가기, 공유하기 버튼
 - 썸네일 이미지, 타이틀 명, 티켓명
 - 마감 카운드다운 : {HH:MM:SS} 후 마감 , 경품가/응모가 (원)
 - 응모 정보 : 응모기간, 당첨자 발표, 당첨 인원
 - 상세 정보
 - 유의 사항 
: 당첨 내역은 [응모라운지 > 참여된 응모 > 당첨자 발표]에서 확인 가능합니다.
경품 지급과 관련된 일정 및 안내는 당첨자 발표 안내 후, 당첨자에게 별도로 연락드릴 예정입니다.
문자로 발송된 예약번호로 관람일 당일 티켓 수령하여 입장하시면 됩니다.
5만 원을 초과하는 경품에 해당하는 제세공과금 22%는 당첨자 본인 부담입니다.
당사 사정에 따라 해당 이벤트의 내용은 변동될 수 있으며, 사전 안내 없이 종료될 수 있습니다.
회원정보 오기입으로 인한 경품 재발송은 불가하며 당사에서 책임지지 않습니다.
불법적인 방법을 통해 이벤트에 참여한 경우 모든 혜택은 무효처리됩니다.
응모에 필요한 응모패스는 챌린지에 참여하실 경우 획득하실 수 있습니다.
한 번 응모한 응모패스는 취소 및 재발급이 불가합니다.
한 이벤트에 중복 참여가 가능합니다.
 - 버튼 : 응모패스 {N}개로 응모하기 (활성화)"
응모라운지,전체 탭_005,진행중인 응모,  마감 시간 직전의 응모 상세 페이지 진입 상태,1,"1. 상세페이지에서 마감시간까지 대기
2. 응모패스 {N}개로 응모하기 클릭",[응모 마감] 상태로 바뀌며 반응 없음
응모라운지,전체 탭_006,진행중인 응모,  보유중인 응모 패스가 없는 상태,1,"1. 진행중인 응모 상세 페이지
2. [응모패스 {N}개로 응모하기] 버튼 클릭","안내 문구(모달 형태) 노출되며 응모 불가 확인

문구 : 응모 패스가 부족합니다
버튼 : 확인 
"
응모라운지,전체 탭_007,진행중 응모,  보유중인 응모 패스가 없는 상태,2,"1. 진행중인 응모 상세 페이지
2. [응모패스 {N}개로 응모하기] 버튼 클릭
3. [확인] 클릭",안내 문구 사라지며 상세페이지 유지된다.
응모라운지,참여한 탭_001,목록,  참여한 응모가 없는 상태,1,"1. 응모라운지 진입
2. 응모라운지 탭
3. 참여한 Tab 확인","아래 문구가 노출된다.

 - 참여한 응모가 없습니다."
응모라운지,참여한 탭_002,목록,  참여한 응모가 있는 상태,2,"1. 응모라운지 진입
2. 응모라운지 탭
3. 참여한 Tab 확인","아래와 같이 노출된다.

 - 썸네일 이미지, 타이틀명, 티켓명
 - 딩첨자 수, 경품가/응모가 (원)
 - 마감 카운드다운 : {HH:MM:SS} 후 마감
 - 최대 10개 노출 (스크롤 시 10개씩 추가 노출)
 - 마감된 응모도 노출"
응모라운지,참여한 탭_003,마감된 응모,,1,"1. 참여한 Tab 진입
2. 마감된 응모 클릭","응모 상세페이지로 이동된다.

 - 헤더 : [<] 뒤로가기, 공유하기 버튼
 - 썸네일 이미지, 타이틀 명, 티켓명
 - 응모 마감 , 경품가/응모가 (원)
 - 응모 정보 : 응모기간, 당첨자 발표, 당첨 인원
 - 상세 정보
 - 유의 사항 
: 당첨 내역은 [응모라운지>참여된 응모> 당첨자 발표]를 통해 확인하실 수 있습니다.
당첨된 티켓내역은 [마이페이지 > 나의 티켓내역]을 통해 확인하실 수 있습니다.
경품 지급과 관련된 일정과 안내는 당첨되신 회원님께 별도 연락드릴 예정입니다. 
5만원을 초과하는 경품에 당첨되는 경우 해당 경품에 대한 제세공과금은 당첨자 본인이 부담합니다.
당사 사정에 따라 해당 이벤트의 내용이 변동 될 수 있으며, 사전안내없이 종료될 수 있습니다.
당첨된 경품은 타 상품으로 교환 및 환불이 불가합니다,
잘못된 회원정보(연락처)로 인한 경품 발송 안내 불가 및 발송 오류는 당사에서 책임지지 않으며, 재발송이 불가합니다.
불법적인 방법을 통해 이벤트에 참여한 경우 모든 혜택은 무효처리됩니다.
응모에 필요한 응모패스는 챌린지에 참여하실 경우 획득하실수 있습니다. 
한 번 응모한 응모패스는 취소 및 재발급이 불가합니다.
한 이벤트에 중복 참여가 가능합니다.
 - 버튼 : 응모 마감 (비활성화)"
응모라운지,참여한 탭_004,마감된 응모,,2,"1. 참여한 Tab 진입
2. 마감된 응모 클릭
3. [응모 마감] 버튼 클릭",버튼 동작되지 않아야 함
응모라운지,참여한 탭_005,마감된 응모,,1,"1. 참여한 Tab 진입
2. 당첨자 발표한 응모 클릭","응모 상세페이지로 이동된다.

 - 헤더 : [<] 뒤로가기, 공유하기 버튼
 - 썸네일 이미지, 타이틀 명, 티켓명
 - 응모 마감 , 경품가/응모가 (원)
 - 응모 정보 : 응모기간, 당첨자 발표, 당첨 인원
 - 상세 정보
 - 유의 사항 :
 -당첨 내역은 [응모라운지 > 참여된 응모 > 당첨자 발표]에서 확인 가능합니다.
-경품 지급과 관련된 일정 및 안내는 당첨자 발표 안내 후, 당첨자에게 별도로 연락드릴 예정입니다.
-문자로 발송된 예약번호로 관람일 당일 티켓 수령하여 입장하시면 됩니다
.-5만 원을 초과하는 경품에 해당하는 제세공과금 22%는 당첨자 본인 부담입니다.
-당사 사정에 따라 해당 이벤트의 내용은 변동될 수 있으며, 사전 안내 없이 종료될 수 있습니다.
-회원정보 오기입으로 인한 경불 재발송은 불가하며 당사에서 책임지지 않습니다.
-불법적인 방법을 통해 이벤트에 참여한 경우 모든 혜택은 무효처리됩니다.
-응모에 필요한 응모패스는 챌린지에 참여하실 경우 획득하실 수 있습니다.
-한 번 응모한 응모패스는 취소 및 재발급이 불가합니다.
-한 이벤트에 중복 참여가 가능합니다.

 - 버튼 : 당첨자 확인"
응모라운지,참여한 탭_006,마감된 응모,,2,"1. 참여한 Tab 진입
2. 당첨자 발표한 응모 상세 진입
3. [당첨자 확인] 버튼 클릭","밑에서 팝업 올라오는지 확인

 - 당첨자 {NN} 명
 - {당첨자 프로필 명}{휴대 전화 뒷번호 4자리}
 - 10명까지 노출 (스크롤 시 10명씩 추가 노출)"
응모라운지,참여한 탭_007,마감된 응모,,3,"1. 참여한 Tab 진입
2. 당첨자 발표한 응모 상세 진입
3. [당첨자 확인] 버튼 클릭
4. 팝업 외 영역 클릭",팝업 닫히는지 확인
응모라운지,진행중 응모_001,응모하기,  보유중인 응모 패스가 있는 상태,1,"1. 진행중인 응모 상세 페이지
2. [응모패스 {N}개로 응모하기] 버튼 클릭","응모하기 페이지로 이동된다.

 - 타이틀 : 응모하기
 - [<] 뒤로가기 버튼
 - 나의 보유 응모 패스 {N} 개
 - 휴대폰 번호/이메일 입력 항목
 - 전체 동의 / (필수) 서비스 이용약관 / (필수) 개인정보 수집 이용 동의
 - 버튼 : 응모 패스 {N}개로 응모하기"
응모라운지,진행중 응모_002,응모하기,"1. 보유중인 응모 패스가 있는 상태
2. 회원정보에 휴대폰 번호/이메일이 저장된 상태",2,"1. 진행중인 응모 상세 페이지
2. [응모패스 {N}개로 응모하기] 버튼 클릭",응모하기 페이지로 이동되며 휴대폰 번호/이메일 자동 입력되는지 확인
응모라운지,진행중 응모_003,응모하기,,1,"1. 진행중인 응모 > 응모하기 페이지 진입
2. 휴대폰 번호 입력 항목 클릭",숫자 키패드 노출되며 숫자만 입력 가능한지 확인
응모라운지,진행중 응모_004,응모하기,,2,"1. 진행중인 응모 > 응모하기 페이지 진입
2. 이메일 입력 항목 클릭",키패드 노출되며 이메일 입력 가능한지 확인
응모라운지,진행중 응모_005,응모하기,,3,"1. 진행중인 응모 > 응모하기 페이지 진입
2. 휴대폰 번호 미입력","휴대폰번호를 입력해 주십시오. 문구 노출

 - Focus Out 시"
응모라운지,진행중 응모_006,응모하기,,4,"1. 진행중인 응모 > 응모하기 페이지 진입
2. 비정상 휴대폰 번호 입력",정상적인 휴대폰번호가 아닙니다. 문구 노출
응모라운지,진행중 응모_007,응모하기,,5,"1. 진행중인 응모 > 응모하기 페이지 진입
2. 이메일 미입력","이메일주소를 입력해 주십시오. 문구 노출

 - Focus Out 시"
응모라운지,진행중 응모_008,응모하기,,6,"1. 진행중인 응모 > 응모하기 페이지 진입
2. 비정상 이메일 입력",정상적인 이메일주소가 아닙니다. 문구 노출
응모라운지,진행중 응모_009,응모하기,,1,"1. 진행중인 응모 > 응모하기 페이지 진입
2. 각 약관 클릭",약관 상세페이지 노출된다.
응모라운지,진행중 응모_010,응모하기,,2,"1. 진행중인 응모 > 응모하기 페이지 진입
2. 휴대폰 번호/이메일 입력
3. 약관 동의 미체크",[응모 패스 {N}개로 응모하기] 버튼 비활성화 확인
응모라운지,진행중 응모_011,응모하기,,3,"1. 진행중인 응모 > 응모하기 페이지 진입
2. 휴대폰 번호 입력 /이메일 미입력
3. 약관 동의 전체 체크",[응모 패스 {N}개로 응모하기] 버튼 비활성화 확인
응모라운지,진행중 응모_012,응모하기,,4,"1. 진행중인 응모 > 응모하기 페이지 진입
2. 휴대폰 번호 미입력 /이메일 입력
3. 약관 동의 전체 체크",[응모 패스 {N}개로 응모하기] 버튼 비활성화 확인
응모라운지,진행중 응모_013,응모하기,,5,"1. 진행중인 응모 > 응모하기 페이지 진입
2. 휴대폰 번호 /이메일 미입력
3. 약관 동의 미체크",[응모 패스 {N}개로 응모하기] 버튼 비활성화 확인
응모라운지,진행중 응모_014,응모하기,,6,"1. 진행중인 응모 > 응모하기 페이지 진입
2. 휴대폰 번호 /이메일 비정상적인 정보 입력
3. 약관 동의 체크",[응모 패스 {N}개로 응모하기] 버튼 비활성화 확인
응모라운지,진행중 응모_015,응모하기,,7,"1. 진행중인 응모 > 응모하기 페이지 진입
2. 휴대폰 번호 /이메일 올바른 정보 입력
3. 약관 두개 중 1개만 체크",[응모 패스 {N}개로 응모하기] 버튼 비활성화 확인
응모라운지,진행중 응모_016,응모하기,,8,"1. 진행중인 응모 > 응모하기 페이지 진입
2. 휴대폰 번호 /이메일 올바른 정보 입력
3. 약관 동의 체크","[응모 패스 {N}개로 응모하기] 버튼 활성화된다.
"
응모라운지,진행중 응모_017,응모하기,,9,"1. 진행중인 응모 > 응모하기 페이지 진입
2. 휴대폰 번호 /이메일 올바른 정보 입력
3. 약관 동의 체크
4. [응모 패스 {N}개로 응모하기] 버튼 클릭","응모 완료 페이지로 이동된다.

 - 타이틀 : 응모가 완료되었어요.
 - 당첨자 발표 {YYYY.MM.DD HH:MM}
 - 이미지 , 타이틀 명
 - 나의 현재 누적 응모 횟수 {N}회
 - 남은 응모 패스 {NN}개
 - 버튼 : [추가 응모하기], [확인]
 - 추가 응모하기 버튼 상단 문구 노출 확인 : 누적 응모 시 마다 당첨 확률이 UP!"
응모라운지,진행중 응모_018,응모하기,,1,"1. 응모 완료 페이지 진입
2. [추가 응모하기] 클릭",팝업 닫히며 상세페이지로 이동된다.
응모라운지,진행중 응모_019,응모하기,,2,"1. 응모 완료 페이지 진입
2. [확인] 클릭",팝업 닫히며 응모라운지 메인으로 이동된다.
응모라운지,핫딜라운지_001,,  핫딜 목록 비노출 상태,1,"1. 핫딜라운지 탭 진입
2. 페이지 확인","아래와 같이 노출된다.

 - 타이틀 : 응모라운지
 - 탭 : 응모 라운지 / 핫딜 라운지
 - 나의 보유 응모 패스 {N}개
 - ""구매 가능한 티켓이 없습니다."" 문구"
응모라운지,응모라운지_003,공유하기,,1,"1. 응모라운지 > 응모 상세페이지 진입
2. 공유하기 버튼 클릭","1. OS 공유하기 팝업이 노출된다.
2. URL 복사, SNS 등 공유 동작 확인"
응모라운지,응모라운지_004,공유하기,  진행중인 응모,2,1. 공유한 URL 클릭,앱 진입되며 해당 응모 상세페이지 이동
응모라운지,응모라운지_005,공유하기,  종료된 응모,3,1. 공유한 URL 클릭,앱 진입되며 해당 응모 상세페이지 이동
응모라운지,응모라운지_006,공유하기,  비노출 상태 응모,4,1. 공유한 URL 클릭,비정상적인 접근입니다 노출
마이페이지,마이페이지,UI 확인,,1,"1. 마이페이지 진입
2. UI 확인","아래와 같이 노출된다.

 - 타이틀 : 마이페이지
 - 프로필 영역 : 프로필 이미지, 닉네임, [편집] 버튼
 - 나의 보유 응모 패스 {N}개
 - 나의 응모 내역 / 나의 티켓 내역 / 챌린지 인증 내역
 - 회원정보 / 탈퇴하기
 - 고객센터 / 공지사항
 - [설정] 버튼"
마이페이지,나의 보유 응모패스_001,응모패스 내역,,1,"1. 마이페이지 진입
2. 나의 보유 응모 패스 영역 클릭",응모패스 내역 페이지로 이동한다.
마이페이지,나의 보유 응모패스_002,응모패스 내역,  응모패스 사용 내역이 없는 상태,2,"1. 나의 보유 응모 패스 영역 클릭
2. 응모패스 내역 페이지 확인","아래와 같이 노출된다.

 - 타이틀 : 나의 응모 패스
 - [<] 뒤로가기 버튼
 - 나의 보유 응모 패스 {N}개
 - 최근 3개월 간의 내역입니다. 
 - 목록 
  문구 : ""나의 응모 패스 내역이 없습니다."""
마이페이지,나의 보유 응모패스_003,응모패스 내역,  응모패스 사용 내역이 있는 상태,3,"1. 나의 보유 응모 패스 영역 클릭
2. 응모패스 내역 페이지 진입","아래와 같이 노출된다.

 - 타이틀 : 나의 응모 패스
 - [<] 뒤로가기 버튼
 - 나의 보유 응모 패스 {N}개
 - 최근 3개월 간의 내역입니다. 
 - 목록 : 패스 사용/획득 내역 노출
 
 * 핫딜라운지 구매 : 상품명, 사용 응모패스수(-), 남은 응모 패스수
 * 응모라운지 응모 : 응모명, 사용 응모패스수(-), 남은 응모 패스수 
 * 챌린지 성공 : 챌린지명, 획득 응모패스수(+), 남은 응모 패스수 
"
마이페이지,나의 보유 응모패스_004,응모패스 내역,,4,"1. 나의 보유 응모 패스 영역 클릭
2. 응모패스 내역 페이지 진입
3. [<] 뒤로가기 버튼 클릭",마이페이지로 이동된다.
마이페이지,나의 보유 응모패스_005,응모패스 내역,,5,"1. 나의 보유 응모 패스 영역 클릭
2. 응모패스 내역 페이지 진입
3. 디바이스 내에 백버튼 클릭",마이페이지로 이동된다.
마이페이지,나의 보유 응모패스_006,응모패스 내역,  응모패스 사용 내역 10개 초과 상태,1,"1, 나의 보유 응모 패스 영역 클릭
2. [더보기] 클릭",이전 이력 10개 추가 노출된다.
마이페이지,나의 응모 내역_001,목록,,1,"1. 마이페이지 진입
2. 나의 응모 내역 클릭",나의 응모 내역 페이지로 이동된다.
마이페이지,나의 응모 내역_002,진행중,  진행중인 응모 내역이 있는 상태,2,"1. 나의 응모 내역 페이지 진입
2. 진행중 탭 확인","아래와 같이 노출된다.

 - 타이틀 : 나의 응모 내역
 - [<] 뒤로가기 버튼
 - 진행중{N} 탭, 마감된{N} 탭
 - 사용자가 참여한 응모내역중 진행중 목록
  (리스트 Default 노출 순서는 응모일자 기준 내림차순)
 - 응모 리스트 (최근 3개월 간의 내역입니다.)
 : 썸네일 이미지, 응모 타이틀명, 티켓명, 마감카운트, 당첨자수, 총 응모수, 누적 응모수
 - 더보기 (클릭시 10개씩)"
마이페이지,나의 응모 내역_003,진행중,  진행중인 응모 내역이 없는 상태,3,"1. 나의 응모 내역 페이지 진입
2. 진행중 탭 > 목록 확인","""응모 내역이 없습니다."" 문구 노출된다."
마이페이지,나의 응모 내역_004,마감된,  마감된 응모 내역이 있는 상태,4,"1. 나의 응모 내역 페이지 진입
2. 마감된 탭 확인","아래와 같이 노출된다.

 - 타이틀 : 나의 응모 내역
 - [<] 뒤로가기 버튼
 - 진행중{N} 탭, 마감된{N} 탭
 - 사용자가 참여한 응모내역중 마감된 목록
  (리스트 노출 순서는  당첨자발표 기준 내림차순)
 - 응모 리스트 (최근 3개월 간의 내역입니다.)
 : 썸네일 이미지, 응모 타이틀명, 티켓명, 당첨자 발표일, 당첨자수, 누적 응모수
 - 더보기 (클릭시 10개씩)"
마이페이지,나의 응모 내역_005,마감된,  마감된 응모 내역이 없는 상태,5,"1. 나의 응모 내역 페이지 진입
2. 마감된 탭 > 목록 확인","""응모 내역이 없습니다."" 문구 노출된다."
마이페이지,나의 응모 내역_006,목록,,1,"1. 나의 응모 내역
2. 목록 클릭",내역 상세페이지로 이동된다.
마이페이지,나의 응모 내역_007,,  관리자 페이지에서 응모 비노출 시킨 상태,2,"1.나의 응모 내역
2. 목록 > 비노출 시킨 응모 클릭","""비정상적인 접근입니다."" 페이지 노출된다."
마이페이지,나의 티켓 내역_001,목록,,1,1. 마이페이지 > 나의 티켓 내역 클릭,"나의 티켓 내역 페이지로 이동된다.

 - 타이틀 : 나의 티켓 내역
 - [<] 뒤로가기 버튼
 - 응모라운지/핫딜라운지
 - 필터 : 전체/발송 준비중/발송 완료
 - ""최근 3개월 간의 내역입니다."" 문구
 - 리스트 : 썸네일 이미지, 티켓명, 발송상태 : 발송준비중/발송완료, 획득일
 - 획득(응모당첨)일순으로 정렬  
 - 더보기(클릭시 10개씩)"
마이페이지,나의 티켓 내역_002,뒤로가기,,2,"1. 마이페이지 > 나의 티켓 내역 클릭
2. [<] 뒤로가기 클릭",마이페이지로 이동된다.
마이페이지,나의 티켓 내역_003,뒤로가기,,3,"1. 마이페이지 > 나의 티켓 내역 클릭
2. 디바이스 내에 백버튼 클릭",마이페이지로 이동된다.
마이페이지,나의 티켓 내역_004,응모라운지,  티켓 내역이 없는 상태,1,"1. 나의 티켓 내역 진입 > 응모라운지
2. 필터 : 전체
3. 목록 확인","""티켓 내역이 없습니다."" 문구가 노출된다."
마이페이지,나의 티켓 내역_005,응모라운지,  티켓 내역이 없는 상태,2,"1. 나의 티켓 내역 진입 > 응모라운지
2. 필터 : 발송 준비중
3. 목록 확인","""티켓 내역이 없습니다."" 문구가 노출된다."
마이페이지,나의 티켓 내역_006,응모라운지,  티켓 내역이 없는 상태,3,"1. 나의 티켓 내역 진입 > 응모라운지
2. 필터 : 발송 완료
3. 목록 확인","""티켓 내역이 없습니다."" 문구가 노출된다."
마이페이지,나의 티켓 내역_007,응모라운지,  티켓 내역 존재하는 상태,4,"1. 나의 티켓 내역 진입 > 응모라운지
2. 필터 : 전체
3. 목록 확인","필터에 맞는 티켓 목록이 노출된다.

 - 썸네일 이미지,티켓명, 발송상태: 발송준비중/발송완료, 획득일 "
마이페이지,나의 티켓 내역_008,응모라운지,  티켓 내역 존재하는 상태,5,"1. 나의 티켓 내역 진입 > 응모라운지
2. 필터 : 발송 준비중
3. 목록 확인","필터에 맞는 티켓 목록이 노출된다.

 - 썸네일 이미지,티켓명, 발송상태: 발송 준비중, 획득일 "
마이페이지,나의 티켓 내역_009,응모라운지,  티켓 내역 존재하는 상태,6,"1. 나의 티켓 내역 진입 > 응모라운지
2. 필터 : 발송 완료
3. 목록 확인","필터에 맞는 티켓 목록이 노출된다.

 - 썸네일 이미지,티켓명, 발송상태: 발송 완료, 획득일 "
마이페이지,나의 티켓 내역_010,티켓 상세,,1,"1. 나의 티켓 내역 진입 > 응모라운지
2. 목록 내에 티켓 클릭","티켓 상세 페이지로 이동된다.

 - 티켓상품정보 : 썸네일 이미지, 티켓상품명, 티켓가, 응모가 0원, 상세페이지 링크 
 - 티켓발송정보 : 발송상태 (발송준비중/발송완료), 메모
 - 받는사람 정보 : 휴대전화, 이메일 
 - 획득 정보 : 획득 방법 (응모이벤트 당첨/응모패스로 구매), 획득일 
 - 유의사항 
잘못된 회원정보(연락처)로 인한 경품 발송 안내 불가 및 발송 오류는 당사에서 책임지지 않으며, 재발송이 불가합니다.
당첨 안내를 위해 휴대폰번호가 정확한지 꼭 확인 부탁 드리며, 해당 연락처를 통해 주소 별도 수집 예정입니다.
회원님께서는 아래 접수 기간 내 help_meemz@marvrus.com로 개별 메일로 연락 하시어 배송받으실 연락처 및 주소를 알려주시기 바랍니다. 담당자가 접수 후 경품을 배송해 드립니다.  - 접수기간: 당첨자 발표일로부터 1주일
택배배송조회는 메모란의 택배사와 송장번호로 직접 택배사사이트에서 조회해주시기 바랍니다. 
00시 00분 ~ 23시 59분 사이에 인증하셔야 합니다."
마이페이지,나의 티켓 내역_011,티켓 상세,,2,"1. 나의 티켓 내역 진입
2. 티켓 상세페이지 진입
3. 유의사항 > 메일 클릭",메일 작성폼 열리는지 확인
마이페이지,나의 티켓 내역_012,핫딜라운지,  티켓 내역이 없는 상태,1,"1. 나의 티켓 내역 진입 > 핫딜라운지
2. 필터 : 전체
3. 목록 확인","""티켓 내역이 없습니다."" 문구가 노출된다."
마이페이지,나의 티켓 내역_013,핫딜라운지,  티켓 내역이 없는 상태,2,"1. 나의 티켓 내역 진입 > 핫딜라운지
2. 필터 : 발송 준비중
3. 목록 확인","""티켓 내역이 없습니다."" 문구가 노출된다."
마이페이지,나의 티켓 내역_014,핫딜라운지,  티켓 내역이 없는 상태,3,"1. 나의 티켓 내역 진입 > 핫딜라운지
2. 필터 : 발송 완료
3. 목록 확인","""티켓 내역이 없습니다."" 문구가 노출된다."
마이페이지,나의 티켓 내역_015,핫딜라운지,  티켓 내역 존재하는 상태,4,"1. 나의 티켓 내역 진입 > 핫딜라운지
2. 필터 : 전체
3. 목록 확인","필터에 맞는 티켓 목록이 노출된다.

 - 썸네일 이미지,티켓명, 발송상태: 발송준비중/발송완료, 획득일 "
마이페이지,나의 티켓 내역_016,핫딜라운지,  티켓 내역 존재하는 상태,5,"1. 나의 티켓 내역 진입 > 핫딜라운지
2. 필터 : 발송 준비중
3. 목록 확인","필터에 맞는 티켓 목록이 노출된다.

 - 썸네일 이미지,티켓명, 발송상태: 발송 준비중, 획득일 "
마이페이지,나의 티켓 내역_017,핫딜라운지,  티켓 내역 존재하는 상태,6,"1. 나의 티켓 내역 진입 > 핫딜라운지
2. 필터 : 발송 완료
3. 목록 확인","필터에 맞는 티켓 목록이 노출된다.

 - 썸네일 이미지,티켓명, 발송상태: 발송 완료, 획득일 "
마이페이지,챌린지 인증 내역_001,목록,,1,1. 마이페이지 > 챌린지 인증 내역 클릭,"챌린지 인증 내역 페이지로 이동된다.

 - 타이틀 : 챌린지 인증 내역
 - [<] 뒤로가기 버튼
 - 확인중{N} 탭, 확인 완료{N} 탭
 - 목록 (최근 3개월 간의 내역입니다.)
 : 이미지, 챌린지 타이틀 명, 상태(확인중, 인증성공, 인증실패, 수령완료)
 - 더보기 (클릭 시 10개씩 노출)"
마이페이지,챌린지 인증 내역_002,새로고침,,2,"1. 마이페이지 > 챌린지 인증 내역 진입
2. 스와이프 다운 동작",목록 새로고침 동작된다.
마이페이지,챌린지 인증 내역_003,뒤로가기,,3,"1. 마이페이지 > 챌린지 인증 내역 클릭
2. [<] 뒤로가기 버튼 클릭",마이페이지로 이동된다.
마이페이지,챌린지 인증 내역_004,뒤로가기,,4,"1. 마이페이지 > 챌린지 인증 내역 클릭
2. 디바이스 내에 백버튼 클릭",마이페이지로 이동된다.
마이페이지,챌린지 인증 내역_005,확인중,  인증 내역이 없는 상태,1,"1. 챌린지 인증 내역 진입
2. 확인중 탭
3, 목록 확인","""챌린지 내역이 없습니다."" 문구가 노출된다."
마이페이지,챌린지 인증 내역_006,확인중,  인증 내역이 있는 상태,2,"1. 챌린지 인증 내역 진입
2. 확인중 탭
3. 목록 확인",확인중 상태의 인증 내역이 노출된다.
마이페이지,챌린지 인증 내역_007,확인중,,1,"1. 챌린지 인증 내역 진입
2. 확인중 탭
3. 목록 내에 인증 내역 클릭","챌린지 상세페이지로 이동된다.

 - 챌린지정보 : 이미지(인증샷 1번째 이미지), 챌린지 타이틀명,챌린지 상세페이지 링크 
 - 나의 달성 현황 : 달성률 (달설률 바, 달성률 %)
 - 보상 : 응모패스 수
 - 나의 인증샷 : 사진 1~3장
 - [버튼] : 확인중 (비활성화)"
마이페이지,챌린지 인증 내역_008,확인중,,2,"1. 챌린지 상세페이지 진입
2. 인증샷 클릭","이미지 크게보기 팝업 노출 확인

 - 인증샷 이미지 : 2~3개 인 경우 스와이프 
 - 프로필정보 : 프로필 이미지, 프로필 명, 등록일 
 - 메시지

* MVP 버전에서는 나의 인증샷 삭제/수정 기능 제공 안함 (고도화시 검토)"
마이페이지,챌린지 인증 내역_009,확인완료,  인증 내역이 없는 상태,1,"1. 챌린지 인증 내역 진입
2. 확인완료 탭
3, 목록 확인","""챌린지 내역이 없습니다."" 문구가 노출된다."
마이페이지,챌린지 인증 내역_010,확인완료,  인증 내역이 있는 상태,2,"1. 챌린지 인증 내역 진입
2. 확인완료 탭
3. 목록 확인",인증성공/인증실패/수령완료 상태의 인증 내역이 노출된다.
마이페이지,챌린지 인증 내역_011,확인완료,,3,"1. 챌린지 인증 내역 진입
2. 환인완료 탭
3. 인증완료 상태 내역 클릭","챌린지 상세페이지로 이동된다.

 - 챌린지정보 : 썸네일이미지, 챌린지 타이틀명,챌린지 상세페이지 링크 
 - 나의 달성 현황 : 달성률 (달설률 바, 달성률 %)
 - 보상 : 응모패스 수
 - 나의 인증샷 : 사진 1~3장
 - [버튼] : 보상받기 (활성화) - ""인증성공"" 문구 노출"
마이페이지,챌린지 인증 내역_012,확인완료,,4,"1. 챌린지 인증 내역 진입
2. 환인완료 탭
3. 인증완료 상태 내역 클릭
4. [보상받기] 버튼 클릭","보상받기 완료 팝업 노출

 - 문구 : 응모패스 {N}개를 획득했습니다.
 - 버튼 : [확인]"
마이페이지,챌린지 인증 내역_013,확인완료,,5,"1. 챌린지 인증 내역 진입
2. 환인완료 탭
3. 인증완료 상태 내역 클릭
4. [보상받기] 버튼 클릭
5. [확인] 클릭","1. 팝업이 닫히는지 확인
2. [보상 수령 완료] 버튼으로 변경된다. (비활성화)
3. 획득한 응모패스 정상 수령 확인"
마이페이지,챌린지 인증 내역_014,확인완료,,6,"1. 챌린지 인증 내역 진입
2. 환인완료 탭
3. 인증완료 상태 내역 클릭
4. 인증샷 클릭","이미지 크게보기 팝업 노출 확인

 - 인증샷 이미지 : 2~3개 인 경우 스와이프 
 - 프로필정보 : 프로필 이미지, 프로필 명, 등록일 
 - 메시지

* MVP 버전에서는 나의 인증샷 삭제/수정 기능 제공 안함 (고도화시 검토)"
마이페이지,챌린지 인증 내역_015,확인완료,,1,"1. 챌린지 인증 내역 진입
2. 환인완료 탭
3. 인증실패 상태 내역 클릭","챌린지 상세페이지로 이동된다.

 - 챌린지정보 : 썸네일이미지, 챌린지 타이틀명,챌린지 상세페이지 링크 
 - 나의 달성 현황 : 달성률 (달설률 바, 달성률 %)
 - 보상 : 응모패스 수
 - 나의 인증샷 : 사진 1~3장
 - [버튼] : 실패 사유 확인(활성화) - ""인증에 실패했어요 😢""문구 노출"
마이페이지,챌린지 인증 내역_016,확인완료,,2,"1. 챌린지 인증 내역 진입
2. 환인완료 탭
3. 인증실패 상태 내역 클릭
4. [실패 사유 확인] 버튼 클릭","실패사유 팝업이 노출된다.

 - 타이틀 : 인증 실패 사유
 - 문구 : 관리자에서 등록한 실패 사유 노출 (최대 글자수 확인)
 - 버튼 : [확인]"
마이페이지,챌린지 인증 내역_017,확인완료,,3,"1. 챌린지 인증 내역 진입
2. 환인완료 탭
3. 인증실패 상태 내역 클릭
4. [실패 사유 확인] 버튼 클릭
5. [확인] 클릭",팝업 닫히며 상세페이지가 유지된다.
마이페이지,챌린지 인증 내역_018,확인완료,,4,"1. 챌린지 인증 내역 진입
2. 환인완료 탭
3. 인증실패 상태 내역 클릭
4. 인증샷 클릭","이미지 크게보기 팝업 노출 확인

 - 인증샷 이미지 : 2~3개 인 경우 스와이프 
 - 프로필정보 : 프로필 이미지, 프로필 명, 등록일 
 - 메시지

* MVP 버전에서는 나의 인증샷 삭제/수정 기능 제공 안함 (고도화시 검토)"
마이페이지,챌린지 인증 내역_019,확인완료,,1,"1. 챌린지 인증 내역 진입
2. 환인완료 탭
3. 수령완료 상태 내역 클릭","챌린지 상세페이지로 이동된다.

 - 챌린지정보 : 썸네일이미지, 챌린지 타이틀명,챌린지 상세페이지 링크 
 - 나의 달성 현황 : 달성률 (달설률 바, 달성률 %)
 - 보상 : 응모패스 수
 - 나의 인증샷 : 사진 1~3장
 - [버튼] : 보상 수령 완료 (비활성화)"
마이페이지,챌린지 인증 내역_020,확인완료,,2,"1. 챌린지 인증 내역 진입
2. 환인완료 탭
3. 인증실패 상태 내역 클릭
4. 인증샷 클릭","이미지 크게보기 팝업 노출 확인

 - 인증샷 이미지 : 2~3개 인 경우 스와이프 
 - 프로필정보 : 프로필 이미지, 프로필 명, 등록일 
 - 메시지

* MVP 버전에서는 나의 인증샷 삭제/수정 기능 제공 안함 (고도화시 검토)"
마이페이지,회원정보_001,정보 수정,,1,1. 마이페이지 > 회원정보 클릭,통합계정 회원정보 수정 페이지로 이동된다.
마이페이지,회원정보_002,정보 수정,,2,"1. 회원정보 수정 페이지 진입
2. 회원정보 수정",회원정보 수정 정상 동작되는지 확인
마이페이지,탈퇴하기_001,회원탈퇴,,1,1. 마이페이지 > 탈퇴하기 클릭,통합계정 탈퇴하기 페이지로 이동된다.
마이페이지,탈퇴하기_002,회원탈퇴,,2,"1. 마이페이지 > 탈퇴하기 클릭
2. 회원탈퇴 페이지 > 닫기 클릭",회원탈퇴 페이지 닫히며 마이페이지로 이동된다.
마이페이지,탈퇴하기_003,회원탈퇴,,3,"1. 마이페이지 > 탈퇴하기 클릭
2. 회원탈퇴 페이지 > 탙퇴하기 클릭",회원탈퇴 탈퇴되며 초기 로그인하기 화면으로 이동된다.
마이페이지,고객센터_001,-,,1,"1. 마이페이지
2. 고객센터 클릭",CSV 카카오톡 채널 링크로 이동된다.
마이페이지,공지사항_001,목록,,1,"1. 마이페이지
2. 공지사항 클릭","공지사항 페이지로 이동된다.

 - 타이틀 : 공지사항
 - [<] 뒤로가기 버튼
 - 목록"
마이페이지,공지사항_002,목록,  공지사항 목록이 없는 상태,2,"1. 공지사항 진입
2. 목록 확인","""공지사항 목록이 없습니다."" 문구가 노출된다."
마이페이지,공지사항_003,목록,  공지사항 목록이 있는 상태,3,"1. 공지사항 진입
2. 목록 확인",관리자에 등록된 공지사항 목록이 노출된다.
마이페이지,공지사항_004,목록,,4,"1. 공지사항 진입
2. 목록 클릭","아래와 같이 노출된다.

 - 타이틀 : 공지사항
 - [<] 뒤로가기 버튼
 - 공지사항 제목 
 - 공지사상 내용 : 텍스트, 이미지 
 - 공지사항 등록 일시"
마이페이지,프로필_001,프로필 편집,,1,1. 마이페이지 > 프로필 영역 또는 [편집] 클릭,"프로필 편집 페이지로 이동된다.

 - 타이틀 : 프로필 편집
 - [취소], [완료] 버튼
 - 프로필 이미지 : 랜덤 이미지 노출/사진 등록 시 등록된 사진 노출
 - 프로필 명"
마이페이지,프로필_002,프로필 편집,  사진 접근 권한 허용하지 않은 상태,1,"1. 프로필 편집 페이지 진입
2. 프로필 이미지 영역 클릭","사진 접근 권한 허용 팝업이 노출된다.

 - 문구 : ‘Who's MVP’이(가) 사용자의 사진에 접근하려고 합니다.
   게시물 작성, 프로필 이미지 등록 및 업데이트를 위해 앨범 사용 권한이 필요합니다.
 - 버튼 : [사진 선택..]/[모든 사진에 대한 접근 허용]/[허용 안 함]"
마이페이지,프로필_003,프로필 편집,  사진 접근 권한 허용하지 않은 상태,2,"3. [허용 안 함] 버튼 클릭
4. [다음에 하기] 클릭","1. 팝업 닫히며 프로필 편집 페이지 유지된다.
2. 사진첩 접근 불가 확인"
마이페이지,프로필_004,프로필 편집,  사진 접근 권한 허용하지 않은 상태,3,5. [사진 첨부하기] > 사진 보관함 클릭,사진 접근 권한 허용 안내 팝업 노출되며 사진첩 접근 불가 확인
마이페이지,프로필_005,프로필 편집,  사진 접근 권한 허용하지 않은 상태,4,6. [설정하러 가기] 클릭,디바이스 설정 > Who's MVP 앱 권한 설정 페이지로 이동된다.
마이페이지,프로필_006,프로필 편집,  사진 접근 권한 허용하지 않은 상태,5,7. 디바이스 설정에서 사진 접근 권한 허용하지 않고 앱 복귀,"1. 팝업 닫히며 프로필 편집 페이지 유지된다.
2. 사진첩 접근 불가 확인"
마이페이지,프로필_007,프로필 편집,  사진 접근 권한 허용하지 않은 상태,6,8. 디바이스 설정에서 사진 접근 권한 허용 후 앱 복귀,사진첩 접근 가능하며 선택한 이미지 프로필 이미지 설정 동작 확인
마이페이지,프로필_008,프로필 편집,  사진 접근 권한 허용하지 않은 상태,1,"1. 프로필 편집 페이지 진입
2. 프로필 이미지 영역 클릭
3. [사진 선택..] 클릭",사진 선택 화면 노출되며 선택한 사진만 프로필 이미지 설정 가능 확인
마이페이지,프로필_009,프로필 편집,  사진 접근 권한 허용하지 않은 상태,2,"1. [사진 첨부하기] 클릭
2. 사진 보관함 클릭
3. [모든 사진에 대한 접근 허용] 클릭","1. 사진 접근 권한 허용되며 사진첩 노출된다.
2. 선택한 이미지 모두 업로드 가능 확인"
마이페이지,프로필_010,프로필 편집,,1,"1. 프로필 편집 페이지 진입
2. 프로필 명 확인","프로필 명 자동 출력, X (전체내용 삭제 버튼) 노출 확인

 - 함께하는분 A001 ~ 함께하는분 Z999"
마이페이지,프로필_011,프로필 편집,,2,"1. 프로필 편진 페이지 진입
2. 프로필 명 영역 > X 버튼 클릭","1. 입력된 내용 삭제되며 유효성 체크 문구 노출
2. [완료] 버튼 비활성화 확인

 - 문구 : 닉네임을 입력해 주십시오."
마이페이지,프로필_012,프로필 편집,,3,"1. 프로필 편진 페이지 진입
2. 프로필 명 영역 > 2자 미만 입력","1. 유효성 체크 문구가 노출된다.
2. [완료] 버튼 비활성화 확인

 - 문구 : 2~10자 이내의 문자, 숫자를 사용해주세요.(특수문자 사용 불가)"
마이페이지,프로필_013,프로필 편집,,4,"1. 프로필 편진 페이지 진입
2. 프로필 명 영역 > 특수문자 입력","1. 유효성 체크 문구가 노출된다.
2. [완료] 버튼 비활성화 확인

 - 문구 : 2~10자 이내의 문자, 숫자를 사용해주세요.(특수문자 사용 불가)"
마이페이지,프로필_014,프로필 편집,,5,"1. 프로필 편진 페이지 진입
2. 프로필 명 영역 > 10자 초과 입력","1. 유효성 체크 문구가 노출된다.
2. [완료] 버튼 비활성화 확인

 - 문구 : 2~10자 이내의 문자, 숫자를 사용해주세요.(특수문자 사용 불가)"
마이페이지,프로필_015,프로필 편집,,6,"1. 프로필 편진 페이지 진입
2. 프로필 명 영역 > 중복된 프로필 명 입력","1. 유효성 체크 문구가 노출된다.
2. [완료] 버튼 비활성화 확인

 - 문구 : 이미 사용 중인 프로필명입니다."
마이페이지,프로필_016,프로필 편집,,7,"1. 프로필 편진 페이지 진입
2. 프로필 명 영역 > 2자 ~ 10자 이내 문자, 숫자 입력",[완료] 버튼 활성화 확인
마이페이지,프로필_017,프로필 편집,,8,"1. 프로필 편진 페이지 진입
2. 프로필 명 영역 > 2자 ~ 10자 이내 문자, 숫자 입력
3. [완료] 버튼 클릭",프로필 수정되며 마이페이지로 이동된다.
마이페이지,프로필_018,프로필 편집,,1,"1. 프로필 편진 페이지 진입
2. 프로필 수정 중 > [취소] 버튼 클릭",프로필 폅집 취소되며 마이페이지로 이동된다.
마이페이지,설정_001,UI,,1,1. 마이페이지 > 설정 버튼 클릭,"설정 페이지로 이동된다.

 - 타이틀 : 설정
 - [<] 뒤로가기 버튼
 - 서비스 이용 알림 설정/n챌린지 인증 결과 확인, 응모 결화 확인 등 : ON/OFF
 - 마케팅 수신 동의/n각종 유용한 혜택/이벤트 알림 : ON/OFF
 - 야간 정보 수신/n오후 9시 ~ 익일 오전 8시 : ON/OFF (디폴트 : OFF) 
 - 사업자 정보 확인/이용약관/개인 정보 처리 방침/서비스 약관
 - 앱 버전/n{N.N.N} 최신 버전입니다. 
- 버튼 : [로그아웃]
"
마이페이지,설정_002,서비스 이용 알림,서비스 이용 알림 : OFF 상태,1,"1. 설정 페이지 진입 상태
2. 서비스 이용 알림 : ON 설정","ON 설정되며 토스트 팝업이 노출된다.

{‘서비스 이용 알림’} 알림 수신을 동의하셨습니다.
{YYYY.MM.DD}"
마이페이지,설정_003,서비스 이용 알림,서비스 이용 알림 : ON 상태,2,"1. 설정 페이지 진입 상태
2. 서비스 이용 알림 : OFF 설정","OFF 설정되며 토스트 팝업이 노출된다.

{‘서비스 이용 알림’} 알림 수신을 철회하셨습니다.
{YYYY.MM.DD}"
마이페이지,설정_004,마케팅 수신 동의,"1. 서비스 이용 알림 : ON 상태
2. 마케팅 수신 동의 : OFF 상태",1,"1. 설정 페이지 진입 상태
2. 마케팅 수신 동의 : ON 설정","ON 설정되며 토스트 팝업이 노출된다.

{‘마케팅 수신 동의’} 알림 수신을 동의하셨습니다.
{YYYY.MM.DD}"
마이페이지,설정_005,마케팅 수신 동의,"1. 서비스 이용 알림 : OFF 상태
2. 마케팅 수신 동의 : OFF 상태",2,"1. 설정 페이지 진입 상태
2. 마케팅 수신 동의 : ON 설정",ON 설정 불가능한지 확인
마이페이지,설정_006,마케팅 수신 동의,마케팅 수신 동의 : ON 상태,3,"1. 설정 페이지 진입 상태
2. 마케팅 수신 동의 : OFF 설정","OFF 설정되며 토스트 팝업이 노출된다.

{‘마케팅 수신 동의’} 알림 수신을 철회하셨습니다.
{YYYY.MM.DD}"
마이페이지,설정_007,야간 정보 수신,"1. 서비스 이용 알림 : ON 상태
2. 야간 정보 수신 : OFF 상태",1,"1. 설정 페이지 진입 상태
2. 야간 정보 수신 : ON 설정","ON 설정되며 토스트 팝업이 노출된다.

{‘야간 정보’} 알림 수신을 동의하셨습니다.
{YYYY.MM.DD}"
마이페이지,설정_008,야간 정보 수신,"1. 서비스 이용 알림 : OFF 상태
2. 야간 정보 수신 : OFF 상태",2,"1. 설정 페이지 진입 상태
2. 야간 정보 수신 : ON 설정",ON 설정 불가능한지 확인
마이페이지,설정_009,야간 정보 수신,야간 정보 수신 : ON 상태,3,"1. 설정 페이지 진입 상태
2. 야간 정보 수신 : OFF 설정","OFF 설정되며 토스트 팝업이 노출된다.

{‘야간 정보’} 알림 수신을 해제하셨습니다.
{YYYY.MM.DD}"
마이페이지,설정_010,사업자 정보,,1,"1. 설정 페이지 진입 상태
2. 사업자 정보 확인 클릭",국세청 사업자 정보 확인 웹뷰로 연결된다.
마이페이지,설정_011,약관,,1,"1. 설정 페이지 진입 상태
2. 이용약관 클릭",이용약관 상세 페이지로 이동된다.
마이페이지,설정_012,약관,,2,"1. 설정 페이지 진입 상태
2. 개인 정보 처리 방침 클릭",개인 정보 처리 방침 상세 페이지로 이동된다.
마이페이지,설정_013,약관,,3,"1. 설정 페이지 진입 상태
2. 서비스 약관 클릭",서비스 약관 상세 페이지로 이동된다.
마이페이지,설정_014,앱 버전,,1,"1. 설정 페이지 진입 상태
2. 앱버전 확인",현재 앱 버전 노출 확인
마이페이지,설정_015,로그아웃,,1,"1. 설정 페이지 진입 상태
2. [로그아웃] 버튼 클릭","로그아웃 안내 팝업이 노출된다.

 - 문구 : 로그아웃 하시겠습니까?
 - 버튼 : [취소]/[로그아웃]"
마이페이지,설정_016,로그아웃,,2,"1. 설정 페이지 진입 상태
2. [로그아웃] 버튼 클릭
3. [취소] 버튼 클릭",팝업 닫히며 설정 페이지가 유지된다.
마이페이지,설정_017,로그아웃,,3,"1. 설정 페이지 진입 상태
2. [로그아웃] 버튼 클릭
3. [로그아웃] 버튼 클릭",로그아웃되며 메인 스플래시 화면으로 이동된다.
어드민,로그인_001,어드민 로그인,,1,1. 관리자 페이지 URL 진입,로그인 페이지가 노출된다.
어드민,로그인_002,어드민 로그인,,2,1. 관리자 페이지 > 로그인 완료,"관리자 페이지 메인 화면이 노출된다.

 - 메뉴 : 응모 관리/챌리지 관리"
어드민,응모 관리_001,응모 목록,,1,"1. 관리자 페이지 진입
2. 응모 관리 > 응모 목록 진입","진행 중 응모, 종료된 응모 탭 노출된다."
어드민,응모 관리_002,응모 목록,,2,"1. 응모 관리 > 응모 목록 진입
2. 검색 필터 설정 > 검색",검색한 필터에 맞는 목록이 노출된다.
어드민,응모 관리_003,응모 목록,,1,"1. 응모 관리 > 응모 목록 진입
2. 진행 중 응모 탭 
3. 리스트 확인","응모 리스트가 노출된다.

타이틀(번호),유형,이미지,응모/당첨(구매/재고),시작일시,종료일시,노출상태,등록자,등록일시"
어드민,응모 관리_004,진행중 응모_응모라운지,,2,"1. 응모 목록 > 진행 중 응모 탭
2. 리스트 내에 유형 : 응모라운지 목록 클릭","리스트 상세페이지로 이동된다.

타이틀명/티켓명/응모 시작일시/노출여부/이미지/상세정보
응모 설정 : 응모 유형, 당첨자수, 당첨발표일시, 경품티켓가, 사용응모패스
응모 현황 , 엑셀 다운로드 , 수정, 닫기
당첨자 관리 : 엑셀 다운로드"
어드민,응모 관리_005,진행중 응모_응모라운지,,1,"1. 응모 목록 > 진행 중 응모 탭
2. 리스트 내에 유형 : 응모라운지 목록 클릭
3. [수정] 클릭",응모 수정 페이지로 이동된다.
어드민,응모 관리_006,진행중 응모_응모라운지,,2,"1. 응모 목록 > 진행 중 응모 탭
2. 리스트 내에 유형 : 응모라운지 목록 클릭
3. 닫기 클릭",리스트로 이동된다.
어드민,응모 관리_007,진행중 응모_응모라운지,,3,"1. 응모 목록 > 진행 중 응모 탭
2. 리스트 내에 유형 : 응모라운지 목록 클릭
3. 응모현황 > 엑셀 다운로드 클릭",응모현황이 엑셀로 다운로드 된다.
어드민,응모 관리_008,진행중 응모_응모라운지,,4,"1. 응모 목록 > 진행 중 응모 탭
2. 리스트 내에 유형 : 응모라운지 목록 클릭
3. 당첨자 관리 > 엑셀 다운로드 클릭",당첨자 선정된 목록이 엑셀로 다운로드 된다.
어드민,응모 관리_009,응모 수정,,1,"1. 응모 수정 페이지 진입
2. 페이지 확인",기존에 등록한 내용이 노출된다.
어드민,응모 관리_010,응모 수정,,2,"1. 응모 수정 페이지 진입
2. 취소 클릭","취소 확인 팝업이 노출된다.

 - 문구 : 취소 하시겠습니까?
 - 버튼 : [취소], [확인]"
어드민,응모 관리_011,응모 수정,,3,"1. 응모 수정 페이지 진입
2. 취소 클릭 > [취소] 클릭",팝업 닫히며 수정 페이지 유지 확인
어드민,응모 관리_012,응모 수정,,4,"1. 응모 수정 페이지 진입
2. 취소 클릭 > [확인] 클릭",수정 페이지 닫히며 리스트로 이동된다.
어드민,응모 관리_013,응모 수정,,5,"1. 응모 수정 페이지 진입
2. [저장] 클릭","저장 확인 팝업이 노출된다.

 - 문구 : 저장 하시겠습니까?
 - 버튼 : [취소], [확인]"
어드민,응모 관리_014,응모 수정,,6,"1. 응모 수정 페이지 진입
2. 저장 클릭 > [취소] 클릭",팝업 닫히며 수정 페이지 유지 확인
어드민,응모 관리_015,응모 수정,,7,"1. 응모 수정 페이지 진입
2. 저장 클릭 > [확인] 클릭",수정한 내용 저장되며 리스트로 이동된다.
어드민,응모 관리_016,진행중 응모_핫딜라운지,,1,"1. 응모 목록 > 진행 중 응모 탭
2. 리스트 내에 유형 : 핫딜라운지 목록 클릭","리스트 상세페이지로 이동된다.

타이틀명/티켓명/응모 시작일시/노출여부/이미지/상세정보
응모 설정 : 응모 유형, 수량, 경품티켓가, 사용응모패스
구매 현황 , 엑셀 다운로드 , 수정, 목록"
어드민,응모 관리_017,진행중 응모_핫딜라운지,,2,"1. 응모 목록 > 진행 중 응모 탭
2. 리스트 내에 유형 : 핫딜라운지 목록 클릭
3. [수정] 클릭",응모 수정 페이지로 이동된다.
어드민,응모 관리_018,진행중 응모_핫딜라운지,,3,"1. 응모 목록 > 진행 중 응모 탭
2. 리스트 내에 유형 : 핫딜라운지 목록 클릭
3. 닫기 클릭",리스트로 이동된다.
어드민,응모 관리_019,진행중 응모_핫딜라운지,,4,"1. 응모 목록 > 진행 중 응모 탭
2. 리스트 내에 유형 :핫딜라운지목록 클릭
3. 엑셀 다운로드 클릭",구매 현황이 엑셀로 다운로드 된다.
어드민,응모 관리_020,응모 등록,,1,"1. 응모 관리 > 응모 목록 진입
2. [등록] 버튼 클릭",응모 등록 페이지로 이동된다.
어드민,응모 관리_021,응모 등록,,2,"1. 응모 등록 페이지 진입
2. 응모 종료일시를 시작일시보다 이전으로 설정",시작일시보다 이전으로 설정 불가능한지 확인
어드민,응모 관리_022,응모 등록,,3,"1. 응모 등록 페이지 진입
2. 당첨자 발표일시 > 응모 시작/종료일시 이전으로 설정",응모 시작/종료일시 이전으로 설정 불가능한지 확인
어드민,응모 관리_023,응모 등록,,4,"1. 응모 등록 페이지 진입
2. 응모 유형 및 내용 입력
3. 저장 클릭",응모 등록되며 응모 시작일시에 앱 > 노출되는지 확인
어드민,응모 관리_024,응모 등록,,5,"1. 응모 등록 페이지 진입
2. 응모 유형 및 내용 입력
3. 목록 클릭",응모 등록되지 않으며 목록으로 이동된다.
어드민,응모 관리_025,종료된 응모,,1,"1. 응모 관리 > 응모 목록 진입
2. 종료된 응모 탭 
3. 리스트 확인","응모 리스트가 노출된다.

번호/유형/이미지/타이틀명/응모,당첨(구매/재고)/시작일시/종료일시/노출상태/등록자/등록일시/당첨자 발표일시/당첨자 선정"
어드민,응모 관리_026,종료된 응모,,2,"1. 응모 관리 > 응모 목록 진입
2. 종료된 응모 탭 
3. 유형 : 응모 라운지 내역 클릭","종료된 응모 상세 페이지로 이동된다.

 - 타이틀명/응모 시작일시/노출여부/이미지/상세정보
 - 응모 설정 : 응모 유형, 당첨인원, 당첨자발표일지, 응모경품가, 사용응모패스
 - 응모 현황, 응모자 리스트, [당첨자 선정] 버튼
 - 당첨자 관리, 엑셀 다운로드 , 당첨자 게시 적용, 당첨자 리스트, 목록"
어드민,응모 관리_027,종료된 응모,,1,"1. 응모 관리 > 응모 목록 진입
2. 종료된 응모 탭 
3. 유형 : 응모 라운지 내역 클릭
4. 응모 현황 리스트 내에 응모자 체크 > [당첨자 선정] 클릭",체크한 응모자가 당첨자 관리 리스트에 추가된다.
어드민,응모 관리_028,종료된 응모,,2,"1. 종료된 응모 내역 상세 페이지 진입
2. 응모 현황 리스트 내에 응모자 A 체크 > [당첨자 선정] 클릭
3. 응모 현황 리스트 내에 응모자 A 다시 체크 > [당첨자 선정] 클릭","팝업 노출되며 중복 추가되지 않는다.

 - 문구 : 이미 추가된 당첨자입니다.
 - 버튼 :  확인"
어드민,응모 관리_029,종료된 응모,,3,"1. 종료된 응모 내역 상세 페이지 진입
2. 응모 현황 리스트 내에 응모자 중 당첨 인원 초과하여 체크
3. [당첨자 선정] 클릭","팝업 노출되며 초과하여 추가되지 않는다. 
 
 - 문구 : 당첨자 10명이 초과하였습니다. 
 - 버튼 :  확인"
어드민,응모 관리_030,종료된 응모,당첨자 추가된 상태,4,"1. 종료된 응모 내역 상세 페이지 진입
2. 당첨자 관리 리스트 > [삭제] 클릭","삭제 확인 팝업이 노출된다.

 - 문구 : 선택한 당첨자를 삭제하시겠습니까?
 - 버튼 : [취소], [확인]"
어드민,응모 관리_031,종료된 응모,,5,"1. 종료된 응모 내역 상세 페이지 진입
2. 당첨자 관리 리스트 > [삭제] 클릭
3. [취소] 클릭",취소되며 당첨자 관리 리스트에 유지된다.
어드민,응모 관리_032,종료된 응모,,6,"1. 종료된 응모 내역 상세 페이지 진입
2. 당첨자 관리 리스트 > [삭제] 클릭
3. [확인] 클릭","당첨자 관리 리스트에서 삭제된다.
응모 현황에서 동일한 응모자 체크하여 당첨자 선정 시 다시 추가 가능한지 확인"
어드민,응모 관리_033,발송상태 관리,,1,1. 응모 관리 > 발송상태 관리 진입,발송 상태에 따른 목록이 노출된다.
어드민,응모 관리_034,발송상태 관리,,2,"1. 응모 관리 > 발송상태 관리 진입
2. 검색 필터 확인",검색 필터에 따른 내역이 리스트에 노출된다.
어드민,응모 관리_035,발송상태 관리,,3,"1. 응모 관리 > 발송상태 관리 진입
2. 필터 : 전체
3. 목록 확인","전체 발송 상태에 맞는 목록이 노출된다.

번호/유형/이미지/타이틀명/티켓명/프로필명/휴대폰번호/이메일주소/생성일시/등록자/처리일시/상태"
어드민,응모 관리_036,발송상태 관리,,4,"1. 응모 관리 > 발송상태 관리 진입
2. 엑셀 다운로드 클릭",발송 내역이 엑셀로 다운로드된다.
어드민,응모 관리_037,발송상태 관리,,1,"1. 응모 관리 > 발송상태 관리 진입
2. 필터 : 발송준비
3. 목록 확인","전체 발송 상태에 맞는 목록이 노출된다.

체크박스/번호/유형/이미지/타이틀명/티켓명/프로필명/휴대폰번호/이메일주소/생성일시/등록자/처리일시/상태"
어드민,응모 관리_038,발송상태 관리,,2,"1. 응모 관리 > 발송상태 관리 진입
2. 필터 : 발송준비
3. 목록 내에 내역 체크
4. 발송완료처리 클릭","발송완료 확인 팝업이 노출된다.

 - 타이틀 : 발송완료
 - 메모 입력 항목
 - 문구 : 발송완료 처리 하시겠습니까?
 - 버튼 : 확인/취소
"
어드민,응모 관리_039,발송상태 관리,,3,"1. 응모 관리 > 발송상태 관리 진입
2. 필터 : 발송준비
3. 목록 내에 내역 체크
4. 발송완료처리 클릭
5. 닫기 클릭",발송 준비 상태로 유지된다.
어드민,응모 관리_040,발송상태 관리,,4,"1. 응모 관리 > 발송상태 관리 진입
2. 필터 : 발송준비
3. 목록 내에 내역 체크
4. 발송완료처리 클릭
5. 확인 클릭","발송 완료 탭으로 이동되며 상태가 발송완료로 변경된다.
입력한 메모가 저장된다."
어드민,응모 관리_041,발송상태 관리,,5,"1. 응모 관리 > 발송상태 관리 진입
2. 필터 : 발송준비
3. 목록 내에 내역 체크
4. 발송취소처리 클릭","발송취소 확인 팝업이 노출된다.

 - 타이틀 : 발송취소
 - 메모 입력 항목
 - 문구 : 발송취소 처리 하시겠습니까?
 - 버튼 : 확인/닫기
"
어드민,응모 관리_042,발송상태 관리,,6,"1. 응모 관리 > 발송상태 관리 진입
2. 필터 : 발송준비
3. 목록 내에 내역 체크
4. 발송취소처리 클릭
5. 닫기 클릭",발송 준비 상태로 유지된다.
어드민,응모 관리_043,발송상태 관리,,7,"1. 응모 관리 > 발송상태 관리 진입
2. 필터 : 발송준비
3. 목록 내에 내역 체크
4. 발송취소처리 클릭
5. 확인 클릭","발송 취소 탭으로 이동되며 상태가 발송취소로 변경된다.
입력한 메모가 저장된다."
어드민,응모 관리_044,발송상태 관리,,1,"1. 응모 관리 > 발송상태 관리 진입
2. 필터 : 발송완료
3. 목록 확인","발송완료 상태의 목록이 노출된다.

체크박스/번호/유형/이미지/타이틀명/티켓명/프로필명/휴대폰번호/이메일주소/생성일시/등록자/처리일시/상태"
어드민,응모 관리_045,발송상태 관리,,2,"1. 응모 관리 > 발송상태 관리 진입
2. 필터 : 발송취소
3. 목록 확인","발송취소 상태의 목록이 노출된다.

체크박스/번호/유형/이미지/타이틀명/티켓명/프로필명/휴대폰번호/이메일주소/생성일시/등록자/처리일시/상태"
어드민,챌린지 관리_001,챌린지 목록,,1,"1. 챌린지 관리 > 챌린지 목록 진입
2. 목록 확인","챌린지 목록이 노출된다.

번호/유형/이미지/타이틀명/[참여자수/목표(달성률)]/시작일시/종료일시/노출상태/등록자/등록일시"
어드민,챌린지 관리_002,챌린지 목록,,2,"1. 챌린지 관리 > 챌린지 목록 진입
2. 검색 필터 확인",검색 필터에 따른 내역이 리스트에 노출된다.
어드민,챌린지 관리_003,챌린지 목록,,1,"1. 챌린지 관리 > 챌린지 목록 진입
2. 목록 클릭","챌린지 상세 페이지로 이동된다.

  - 기본정보 : 타이틀명, 서브타이틀. 태그, 챌린지 시작일시, 챌린지 종료일시, 노출여부, 이미지
 - 상세정보
 - 챌린지 설정 : 챌린지 유형, 응모패스 보상지급, 최대 참여가능횟수, 목표설정, 목표인원, 목표명
 - 인증 현황 : 리스트 , 인증샷 승인, 인증샷 반려
 - 수정, 닫기 버튼"
어드민,챌린지 관리_004,챌린지 목록,,1,"1. 챌린지 상세 페이지 진입
2. 인증 현황 체크
3. 인증샷 승인 클릭","아래 팝업이 노출된다.

선택한 인증샷을 승인 처리 하시겠습니까?’ [확인][취소]"
어드민,챌린지 관리_005,챌린지 목록,,2,"1. 챌린지 상세 페이지 진입
2. 인증 현황 체크
3. 인증샷 승인 클릭
4. 취소 클릭",팝업 닫히며 상세페이지 유지된다.
어드민,챌린지 관리_006,챌린지 목록,,3,"1. 챌린지 상세 페이지 진입
2. 인증 현황 체크
3. 인증샷 승인 클릭
4. 확인 클릭",인증샷 승인되며 인증승인 상태로 변경된다.
어드민,챌린지 관리_007,챌린지 목록,,4,"1. 챌린지 상세 페이지 진입
2. 인증 현황 체크
3. 인증샷 반려 클릭","아래 팝업이 노출된다.

선택한 인증샷을 반려 처리 하시겠습니까?’[확인][취소]"
어드민,챌린지 관리_008,챌린지 목록,,5,"1. 챌린지 상세 페이지 진입
2. 인증 현황 체크
3. 인증샷 반려 클릭
4. 취소 클릭",팝업 닫히며 상세페이지 유지된다.
어드민,챌린지 관리_009,챌린지 목록,,6,"1. 챌린지 상세 페이지 진입
2. 인증 현황 체크
3. 인증샷 반려 클릭
4. 확인 클릭",인증샷 반려되며 인증실패 상태로 변경된다.
어드민,챌린지 관리_010,챌린지 목록,,1,"1. 챌린지 상세페이지 진입
2. 수정 버튼 클릭",챌린지 수정 페이지로 이동된다.
어드민,챌린지 관리_011,챌린지 목록,,2,"1. 챌린지 상세페이지 진입
2. 수정 클릭 > 취소 클릭","취소 확인 팝업이 노출된다.

 - 문구 : 취소 하시겠습니까?
 - 버튼 : [취소], [확인]"
어드민,챌린지 관리_012,챌린지 목록,,3,"1. 챌린지 수정페이지 진입
2. 취소 클릭 > [취소] 클릭",팝업 닫히며 수정 페이지 유지 확인
어드민,챌린지 관리_013,챌린지 목록,,4,"1. 챌린지 수정페이지 진입
2. 취소 클릭 > [확인] 클릭",수정 페이지 닫히며 상세페이지 노출 확인
어드민,챌린지 관리_014,챌린지 목록,,1,"1. 챌린지 수정페이지 진입
2. [저장] 클릭","수정 확인 팝업이 노출된다.

 - 문구 : 수정 하시겠습니까?
 - 버튼 : [취소], [확인]"
어드민,챌린지 관리_015,챌린지 목록,,2,"1. 챌린지 수정페이지 진입
2. 저장 클릭 > [취소] 클릭",팝업 닫히며 수정 페이지 유지 확인
어드민,챌린지 관리_016,챌린지 목록,,3,"1. 챌린지 수정페이지 진입
2. 저장 클릭 > [확인] 클릭",수정한 내용 저장되며 리스트로 이동된다.
어드민,챌린지 관리_017,챌린지 목록,,1,1. 챌린지 관리 > [등록] 클릭,"챌린지 등록 페이지로 이동된다.

 - 기본정보 : 타이틀명, 서브타이틀. 태그, 챌린지 시작일시, 챌린지 종료일시, 노출여부, 이미지
 - 상세정보
 - 챌린지 설정 : 챌린지 유형, 응모패스 보상지급, 최대 참여가능횟수, 목표설정, 목표인원, 목표명
 - [취소]/[등록]"