suite,name,summary,precondition,step_number,step,expectedresult
회원가입,회원가입 타입_001,회원가입 페이지 UI 확인,-,,"1. 회원가입 버튼 클릭
2. 회원가입 페이지 UI 확인","아래와 같이 노출된다.
타이틀 : 통합회원가입 
회원가입 방법을 선택하세요!
[이메일로 회원가입]
[네이버로 회원가입]
[카카오로 회원가입]
[페이스북으로 회원가입]"
회원가입,통합 회원가입_001,이메일 회원가입 버튼 확인,-,,1. 이메일 회원가입 버튼 클릭,약관동의 페이지가 노출된다.
회원가입,통합 회원가입_002,약관동의 페이지 UI 확인,-,,1. 약관동의 페이지 UI 확인,"아래와 같이 노출된다.
- 타이틀 : 통합회원가입
- 지금 회원가입 하신 후 다양한 서비스를 이용해보세요.
- (주) 마블러스 통합회원 약관 전체 동의
- [필수] (주) 마블러스 통합회원 이용약관
- [필수] (주) 마블러스 개인정보 처리방침
- [선택] (주) 마블러스 마케팅 활용 동의
- 다음단계로 버튼"
회원가입,통합 회원가입_003,체크박스 확인,1. 약관동의 페이지 진입 상태,,1. 필수 약관 전체 체크 해제,[다음단계로] 버튼이 비활성화 상태로 노출된다.
회원가입,통합 회원가입_004,체크박스 확인,1. 약관동의 페이지 진입 상태,,1. 선택 약관만 체크 상태,[다음단계로] 버튼이 비활성화 상태로 노출된다.
회원가입,통합 회원가입_005,체크박스 확인,1. 약관동의 페이지 진입 상태,,1. 필수 약관 모두 체크 상태,[다음단계로] 버튼이 활성화된다.
회원가입,통합 회원가입_006,체크박스 확인,1. 약관동의 페이지 진입 상태,,1. 약관 전체 체크 상태,[다음단계로] 버튼이 활성화된다.
회원가입,통합 회원가입_007,14세 이상 회원 유형,14세 미만입니다 체크박스 선택 x,,1. 회원 정보 입력 페이지 확인,"아래와 같이 노출된다.

 - 타이틀 : 통합회원가입, 다양한 서비스를 이용해보세요
 - 아이디, 아이디를 입력해주세요.
 - 비밀번호, 비밀번호를 입력해주세요. 
8~20자 이내, 영문, 숫자, 특수문자 1자 이상 포함
 - 비밀번호 재입력, 비밀번호를 재입력 해주세요
 - 이메일 
 - 14세 미만입니다 체크박스"
회원가입,통합 회원가입_008,아이디 유효성 체크,-,,"1. 아이디 입력 필드
2. 아이디 미입력","1. 유효성 검사 문구 확인
 - 아이디를 입력해주세요."
회원가입,통합 회원가입_009,아이디 유효성 체크,-,,"1. 아이디 입력 필드
2. 영문, 숫자 외의 글자 입력","1. 유효성 검사 문구 확인
 - 5~20자의 영문, 숫자만 사용 가능합니다."
회원가입,통합 회원가입_010,아이디 유효성 체크,-,,"1. 아이디 입력 필드
2. 5자 미만 영문/숫자 입력","1. 유효성 검사 문구 확인
 - 아이디는 최소 5자리 이상으로 입력해주세요."
회원가입,통합 회원가입_011,아이디 유효성 체크,-,,"1. 아이디 입력 필드
2. 올바르지 않은 계정 입력","1. 유효성 검사 문구 확인
 - 아이디 또는 비밀번호 N회 오류입니다. 정확한 아이디 또는 비밀번호를 입력해주세요."
회원가입,통합 회원가입_012,비밀번호 유효성 체크,-,,"1. 비밀번호 입력 필드
2. 내용 입력하지 않음","1. 유효성 검사 문구 확인
 - 비밀번호를 입력해 주세요."
회원가입,통합 회원가입_013,비밀번호 유효성 체크,-,,"1. 비밀번호 입력 필드
2. 비밀번호 설정 조건이 지켜지지 않는 경우","1. 유효성 검사 문구 확인
 - 영어, 숫자, 특수문자(@$!%*#?&)를 각 1개 이상 포함하여, 8자 ~ 20자 이하로 입력해 주세요"
회원가입,통합 회원가입_014,비밀번호 유효성 체크,-,,"1. 비밀번호 입력 필드
2. 7자리 이하로 입력
3. 로그인 버튼 클릭","1. 유효성 검사 문구 확인
 - 비밀번호는 최소 8자리 이상으로 입력해주세요."
회원가입,통합 회원가입_015,비밀번호 유효성 체크,-,,"1. 비밀번호 입력 필드
2. 입력한 비밀번호가 올바르지 않은 경우","1. 유효성 검사 문구 확인
 - 문자/숫자/기호 8자 이상 입력해 주세요."
회원가입,통합 회원가입_016,비밀번호 유효성 체크,-,,"1. 비밀번호 입력 필드
2. 비밀번호 보기 버튼 클릭",입력한 비밀번호가 노출된다.
회원가입,통합 회원가입_017,비밀번호 유효성 체크,-,,"1. 비밀번호 재입력 필드
2. 비밀번호와 다른 비밀번호 입력",비밀번호가 일치하지 않습니다.
회원가입,통합 회원가입_018,비밀번호 유효성 체크,-,,"1. 비밀번호 재입력 입력 필드
2. 비밀번호 보기 버튼 클릭",입력한 비밀번호가 노출된다.
회원가입,통합 회원가입_019,이메일 유효성 체크,-,,"1. 이메일 입력 필드
2. 이메일 형식에 맞지 않게 입력",이메일 형식에 맞게 입력해 주세요.
회원가입,통합 회원가입_020,다음단계 버튼 활성화 여부,-,,"1. 아이디, 비밀번호, 비밀번호 재입력, 이메일 중 한개라도 미입력",[다음단계로] 버튼 비활성화 확인
회원가입,통합 회원가입_021,다음단계 버튼 활성화 여부,-,,"1. 아이디, 비밀번호, 비밀번호 재입력, 이메일 입력 필드
2. 형식에 맞게 모두 입력",[다음단계로] 버튼 활성화 확인
회원가입,통합 회원가입_022,다음 버튼 클릭 동작 확인,-,,"1. 아이디, 비밀번호, 비밀번호 재입력, 이메일 입력 필드
2. 형식에 맞게 모두 입력
3. [다음] 버튼 클릭",통합회원가입 완료 페이지로 이동된다.
회원가입,통합 회원가입_023,가입완료 페이지 확인,-,,1. 가입완료 페이지 UI 확인,"""아래와 같이 노출된다.

 - 타이틀 : 통합회원가입 완료
$아이디$님,
가입을 환영합니다.
지금 바로 다양한 서비스를 이용해보세요.
- 가입일시: $YYYY-MM-DD HH:MM:SS$ 
- [추가정보 입력] 버튼
- [로그인] 버튼"
회원가입,통합 회원가입_024,로그인 버튼,-,,1. 로그인 버튼 클릭,로그인 페이지로 이동된다.
회원가입,통합 회원가입_025,추가정보 입력 버튼,-,,1. 추가정보 입력 버튼 클릭,추가정보 입력 페이지로 이동된다.
회원가입,통합 회원가입_026,추가정보 입력 버튼 클릭 후 동작,-,,"1. 추가정보 입력 버튼 클릭
2. 다음 스텝 확인","휴대폰 인증 페이지가 노출된다.
- 타이틀 : 휴대폰 인증
 휴대폰 인증이 완료되면 이름, 생년월일, 성별, 중복 가입확인정보(DI, CI)가 저장됩니다.
- 개인정보 수집 / 이용 동의
개인정보 수집/이용 동의
목적 : 이용자 식별, 통합회원 코인정보 연동
보유기간 : 회원 탈퇴 시 또는 동의 철회 시
 위와 같이 개인정보를 수집/이용하는데 동의를 거부할 권리가 있습니다. 그러나 동의를 거부할 경우 일부 서비스를 제공받으실 수 없습니다.
- 휴대폰 인증 버튼"
회원가입,통합 회원가입_027,휴대폰 인증 페이지,휴대폰 인증 페이지 진입,,1. 개인정보 수집/이용 동의 체크박스 체크,휴대폰 인증 버튼이 활성화된다.
회원가입,통합 회원가입_028,휴대폰 인증 버튼,휴대폰 인증 페이지 진입,,"1. 개인정보 수집/이용 동의 체크박스 체크
2. 휴대폰 인증 버튼 클릭",pass 인증 페이지로 이동된다.
회원가입,통합 회원가입_029,pass 인증 완료 후 동작,pass 인증 완료,,1. 다음 스텝 확인,추가정보 입력 페이지로 이동된다.
회원가입,통합 회원가입_030,추가정보 입력 페이지,-,,1. 추가정보 입력 페이지 ui 확인,"- 타이틀 : 추가정보 입력
- 휴대폰 / 이름 / 생년월일 / 성별 값이 자동으로 입력되어 노출된다.
- 확인 버튼"
회원가입,통합 회원가입_031,확인 버튼,-,,1. 확인 버튼 클릭,서비스 메인으로 이동된다.
회원가입,통합 회원가입_032,14세 미만,14세 미만입니다 체크박스 선택 o,,1. 회원 정보 입력 페이지 확인,"아래와 같이 노출된다.

 - 타이틀 : 통합회원가입, 다양한 서비스를 이용해보세요
 - 아이디, 아이디를 입력해주세요.
 - 비밀번호, 비밀번호를 입력해주세요. 
8~20자 이내, 영문, 숫자, 특수문자 1자 이상 포함
 - 비밀번호 재입력, 비밀번호를 재입력 해주세요
 - 이메일 
 - 14세 미만입니다 체크박스"
회원가입,통합 회원가입_033,아이디 유효성 체크,-,,"1. 아이디 입력 필드
2. 아이디 미입력
3. 로그인 버튼 클릭","1. 유효성 검사 문구 확인
 - 아이디를 입력해주세요."
회원가입,통합 회원가입_034,아이디 유효성 체크,-,,"1. 아이디 입력 필드
2. 영문, 숫자 외의 글자 입력
3. 로그인 버튼 클릭","1. 유효성 검사 문구 확인
 - 5~20자의 영문, 숫자만 사용 가능합니다."
회원가입,통합 회원가입_035,아이디 유효성 체크,-,,"1. 아이디 입력 필드
2. 5자 미만 영문/숫자 입력
3. 로그인 버튼 클릭","1. 유효성 검사 문구 확인
 - 아이디는 최소 5자리 이상으로 입력해주세요."
회원가입,통합 회원가입_036,아이디 유효성 체크,-,,"1. 아이디 입력 필드
2. 올바르지 않은 계정 입력
3. 로그인 버튼 클릭","1. 유효성 검사 문구 확인
 - 아이디 또는 비밀번호 N회 오류입니다. 정확한 아이디 또는 비밀번호를 입력해주세요."
회원가입,통합 회원가입_037,비밀번호 유효성 체크,-,,"1. 비밀번호 입력 필드
2. 내용 입력하지 않음
3. 로그인 버튼 클릭","1. 유효성 검사 문구 확인
 - 비밀번호를 입력해 주세요."
회원가입,통합 회원가입_038,비밀번호 유효성 체크,-,,"1. 비밀번호 입력 필드
2. 비밀번호 설정 조건이 지켜지지 않는 경우
3. 로그인 버튼 클릭","1. 유효성 검사 문구 확인
 - 영어, 숫자, 특수문자(@$!%*#?&)를 각 1개 이상 포함하여, 8자 ~ 20자 이하로 입력해 주세요"
회원가입,통합 회원가입_039,비밀번호 유효성 체크,-,,"1. 비밀번호 입력 필드
2. 7자리 이하로 입력
3. 로그인 버튼 클릭","1. 유효성 검사 문구 확인
 - 비밀번호는 최소 8자리 이상으로 입력해주세요."
회원가입,통합 회원가입_040,비밀번호 유효성 체크,-,,"1. 비밀번호 입력 필드
2. 입력한 비밀번호가 올바르지 않은 경우
3. 로그인 버튼 클릭","1. 유효성 검사 문구 확인
 - 문자/숫자/기호 8자 이상 입력해 주세요.아이디 또는 비밀번호 n회 오류입니다. 정확한 아이디 또는 비밀번호를 입력해주세요."
회원가입,통합 회원가입_041,비밀번호 유효성 체크,-,,"1. 비밀번호 입력 필드
2. 비밀번호 보기 버튼 클릭",입력한 비밀번호가 노출된다.
회원가입,통합 회원가입_042,비밀번호 유효성 체크,-,,"1. 비밀번호 재입력 필드
2. 비밀번호와 다른 비밀번호 입력",비밀번호가 일치하지 않습니다.
회원가입,통합 회원가입_043,비밀번호 유효성 체크,-,,"1. 비밀번호 재입력 입력 필드
2. 비밀번호 보기 버튼 클릭",입력한 비밀번호가 노출된다.
회원가입,통합 회원가입_044,이메일 유효성 체크,-,,"1. 이메일 입력 필드
2. 이메일 형식에 맞지 않게 입력",이메일 형식에 맞게 입력해 주세요.
회원가입,통합 회원가입_045,다음단계 버튼 활성화 여부,-,,"1. 아이디, 비밀번호, 비밀번호 재입력, 이메일 중 한개라도 미입력",[다음단계로] 버튼 비활성화 확인
회원가입,통합 회원가입_046,다음단계 버튼 활성화 여부,-,,"1. 아이디, 비밀번호, 비밀번호 재입력, 이메일 입력 필드
2. 형식에 맞게 모두 입력",[다음단계로] 버튼 활성화 확인
회원가입,통합 회원가입_047,다음 버튼 클릭,-,,"1. 아이디, 비밀번호, 비밀번호 재입력, 이메일 입력 필드
2. 형식에 맞게 모두 입력
3. [다음] 버튼 클릭",보호자 PASS 인증 페이지로 이동된다.
회원가입,통합 회원가입_048,pass 인증 완료 후 동작,-,,1. PASS 인증 완료,통합회원가입 완료 페이지로 이동된다.
회원가입,통합 회원가입_049,가입완료 페이지 확인,-,,1. 가입완료 페이지 UI 확인,"""아래와 같이 노출된다.

 - 타이틀 : 통합회원가입 완료
$아이디$님,
가입을 환영합니다.
지금 바로 다양한 서비스를 이용해보세요.
- 보호자 동의가 완료되었습니다. 
보호자 이름: $법정대리인명$
보호자 전화번호 : $전화번호$ 
가입일시: $YYYY-MM-DD HH:MM:SS$ 
- [메인으로 이동] 버튼"
회원가입,통합 회원가입_050,메인으로 이동 버튼 클릭,-,,1. 메인으로 이동 버튼 클릭,서비스를 시작한 메인페이지로 이동이되며 자동로그인이 이루어진다.
회원가입,네이버 회원가입/로그인_001, 로그인 버튼 클릭,1. 네이버 미 로그인 상태,,"1. 로그인 페이지
2. 네이버 아이콘 선택",네이버 로그인 팝업 호출 확인
회원가입,네이버 회원가입/로그인_002, 로그인,"1. 네이버 미 로그인 상태
1. 네이버 마블러스 회원가입 안한 상태",,"1. 네이버 로그인 팝업
2. 아이디 / 비밀번호 입력
3. [로그인] 버튼 선택",마블러스 회원가입 여부 확인
회원가입,네이버 회원가입/로그인_003, 로그인,"1. 네이버 로그인 상태
1. 네이버 마블러스 회원가입 안한 상태",,"1. 로그인 페이지
2. 네이버 아이콘 선택",마블러스 회원가입 여부 확인
회원가입,네이버 회원가입/로그인_004,약관동의,"1. 네이버 미 로그인 상태
1. 네이버 마블러스 회원가입 안한 상태",,"1. 네이버 로그인 팝업
2. 아이디 / 비밀번호 입력
3. [로그인] 버튼 선택
4. 마블러스 회원가입 여부 > [동의하기] 버튼 선택",네이버 로그인 후 약관동의 페이지 이동 확인
회원가입,네이버 회원가입/로그인_005, 로그인 완료,"1. 네이버 미 로그인 상태
1. 네이버 마블러스 회원가입 안한 상태",,"1. 네이버 로그인 팝업
2. 아이디 / 비밀번호 입력
3. [로그인] 버튼 선택
4. 마블러스 회원가입 여부 > [동의하기] 버튼 선택
5. 약관동의 페이지 > [동의하고 계속하기] 버튼 선택",SNS 간편가입 완료 페이지 이동 확인
회원가입,네이버 회원가입/로그인_006,취소 버튼,"1. 네이버 미 로그인 상태
1. 네이버 마블러스 회원가입 안한 상태",,"1. 네이버 로그인 팝업
2. 아이디 / 비밀번호 입력
3. [로그인] 버튼 선택
4. 마블러스 회원가입 여부 > [취소] 버튼 선택",로그인 페이지 이동 확인
회원가입,네이버 회원가입/로그인_007, 로그인,"1. 네이버 미 로그인 상태
1. 네이버 마블러스 회원가입 상태",,"1. 네이버 로그인 팝업
2. 아이디 / 비밀번호 입력
3. [로그인] 버튼 선택",네이버 로그인 후 메인 페이지 이동 확인
회원가입,네이버 회원가입/로그인_008, 로그인,1. 네이버 마블러스 회원가입 상태,,"1. 로그인 페이지
2. 네이버 아이콘 선택",네이버 로그인 후 메인 페이지 이동 확인
회원가입,카카오 회원가입/로그인_001,로그인 팝업,1. 카카오 미 로그인 상태,,"1. 로그인 페이지
2. 카카오 아이콘 선택",카카오 로그인 팝업 호출 확인
회원가입,카카오 회원가입/로그인_002,마블러스 회원 여부 판단,"1. 카카오 미 로그인 상태
1. 카카오 마블러스 회원가입 안한 상태",,"1. 카카오 로그인 팝업
2. 아이디 / 비밀번호 입력
3. [로그인] 버튼 선택",마블러스 회원가입 여부 확인
회원가입,카카오 회원가입/로그인_003,마블러스 회원 여부 판단,"1. 카카오 로그인 상태
1. 카카오 마블러스 회원가입 안한 상태",,"1. 로그인 페이지
2. 카카오 아이콘 선택",마블러스 회원가입 여부 확인
회원가입,카카오 회원가입/로그인_004,약관동의,"1. 카카오 미 로그인 상태
1. 카카오 마블러스 회원가입 안한 상태",,"1. 카카오 로그인 팝업
2. 아이디 / 비밀번호 입력
3. [로그인] 버튼 선택
4. 마블러스 회원가입 여부 > [동의하고 계속하기] 버튼 선택",카카오 로그인 후 약관동의 페이지 이동 확인
회원가입,카카오 회원가입/로그인_005,약관동의 후 완료,"1. 카카오 미 로그인 상태
1. 카카오 마블러스 회원가입 안한 상태",,"1. 카카오 로그인 팝업
2. 아이디 / 비밀번호 입력
3. [로그인] 버튼 선택
4. 마블러스 회원가입 여부 > [동의하고 계속하기] 버튼 선택
5. 약관동의 페이지 > [동의하고 계속하기] 버튼 선택",SNS 간편가입 완료 페이지 이동 확인
회원가입,카카오 회원가입/로그인_006,가입완료 페이지,-,,1. SNS 간편가입 완료 페이지 확인,"1. 아래 문구 확인
 - 마블러스 통합회원
 - SNS 간편가입이
 - 완료되었습니다.
2. [완료] 버튼 확인"
회원가입,카카오 회원가입/로그인_007,완료 버튼 동작,-,,"1. SNS 간편가입 완료 페이지
2. [완료] 버튼 선택",메인페이지로 이동 확인
회원가입,카카오 회원가입/로그인_008,취소 버튼,"1. 카카오 미 로그인 상태
1. 카카오 마블러스 회원가입 안한 상태",,"1. 카카오 로그인 팝업
2. 아이디 / 비밀번호 입력
3. [로그인] 버튼 선택
4. 마블러스 회원가입 여부 > [취소] 버튼 선택",로그인 페이지 이동 확인
회원가입,카카오 회원가입/로그인_009,로그인 버튼,"1. 카카오 미 로그인 상태
1. 카카오 마블러스 회원가입 상태",,"1. 카카오 로그인 팝업
2. 아이디 / 비밀번호 입력
3. [로그인] 버튼 선택",카카오 로그인 후 메인 페이지 이동 확인
회원가입,카카오 회원가입/로그인_010,회원가입 여부,1. 카카오 마블러스 회원가입 상태,,"1. 로그인 페이지
2. 카카오 아이콘 선택",카카오 로그인 후 메인 페이지 이동 확인
회원가입,페이스북 회원가입/로그인_001,로그인 팝업,1. 페이스북 미 로그인 상태,,"1. 로그인 페이지
2. 페이스북 아이콘 선택",페이스북 로그인 팝업 호출 확인
회원가입,페이스북 회원가입/로그인_002,마블러스 회원 여부 판단,"1. 페이스북 미 로그인 상태
1. 페이스북 마블러스 회원가입 안한 상태",,"1. 페이스북 로그인 팝업
2. 아이디 / 비밀번호 입력
3. [로그인] 버튼 선택",마블러스 회원가입 여부 확인
회원가입,페이스북 회원가입/로그인_003,마블러스 회원 여부 판단,"1. 페이스북 로그인 상태
1. 페이스북 마블러스 회원가입 안한 상태",,"1. 로그인 페이지
2. 페이스북 아이콘 선택",마블러스 회원가입 여부 확인
회원가입,페이스북 회원가입/로그인_004,약관동의,"1. 페이스북 미 로그인 상태
1. 페이스북 마블러스 회원가입 안한 상태",,"1. 페이스북 로그인 팝업
2. 아이디 / 비밀번호 입력
3. [로그인] 버튼 선택
4. 마블러스 회원가입 여부 > [동의하고 계속하기] 버튼 선택",페이스북 로그인 후 약관동의 페이지 이동 확인
회원가입,페이스북 회원가입/로그인_005,약관동의 후 완료,"1. 페이스북 미 로그인 상태
1. 페이스북 마블러스 회원가입 안한 상태",,"1. 페이스북 로그인 팝업
2. 아이디 / 비밀번호 입력
3. [로그인] 버튼 선택
4. 마블러스 회원가입 여부 > [동의하고 계속하기] 버튼 선택
5. 약관동의 페이지 > [동의하고 계속하기] 버튼 선택",SNS 간편가입 완료 페이지 이동 확인
회원가입,페이스북 회원가입_001,가입완료 페이지,-,,1. SNS 간편가입 완료 페이지 확인,"1. 아래 문구 확인
 - 마블러스 통합회원
 - SNS 간편가입이
 - 완료되었습니다.
2. [완료] 버튼 확인"
회원가입,페이스북 회원가입_002,완료 버튼 동작,-,,"1. SNS 간편가입 완료 페이지
2. [완료] 버튼 선택",메인페이지로 이동 확인
회원가입,페이스북 회원가입_003,취소 버튼,"1. 페이스북 미 로그인 상태
1. 페이스북 마블러스 회원가입 안한 상태",,"1. 페이스북 로그인 팝업
2. 아이디 / 비밀번호 입력
3. [로그인] 버튼 선택
4. 마블러스 회원가입 여부 > [취소] 버튼 선택",로그인 페이지 이동 확인
회원가입,페이스북 회원가입_004,로그인 버튼,"1. 페이스북 미 로그인 상태
1. 페이스북 마블러스 회원가입 상태",,"1. 페이스북 로그인 팝업
2. 아이디 / 비밀번호 입력
3. [로그인] 버튼 선택",페이스북 로그인 후 메인 페이지 이동 확인
회원가입,페이스북 회원가입_005,회원가입 여부,1. 페이스북 마블러스 회원가입 상태,,"1. 로그인 페이지
2. 페이스북 아이콘 선택",페이스북 로그인 후 메인 페이지 이동 확인
로그인,통합 회원 계정 로그인_001,UI확인,-,,1. 마블러스 서비스에서 로그인버튼 클릭,"아래의 내용 확인
- 마블러스 로그 이미지
- 타이틀 : 로그인
- 아이디 입력 필드
- 비밀번호 입력 필드
- 아이디 쿠키 저장 체크박스
- 로그인 버튼
- 아이디 찾기 / 비밀번호 찾기 / 회원가입 버튼
- 네이버 / 카카오 / 페이스북 로그인 버튼"
로그인,통합 회원 계정 로그인_002,아이디 입력 필드,-,,1. 아이디 입력 필드에 텍스트 입력,텍스트 입력이 정상적으로 이루어진다.
로그인,통합 회원 계정 로그인_003,아이디 입력 필드 유효성체크,-,,"1. 아이디 입력 필드에 텍스트 입력하지 않음
2. 비밀번호 미입력
3. 로그인 버튼 클릭","아래의 안내 문구가 노출된다.
- 아이디를 입력해 주세요."
로그인,통합 회원 계정 로그인_004,아이디 유효성 체크,-,,"1. 아이디 입력 필드에 아이디 입력
2. 입력한 아이디 앞에 공백을 넣음
3. 해당 계정의 올바른 비밀번호 입력
4.. 로그인 버튼 클릭","아래의 안내 문구가 노출된다.
- 아이디 또는 비밀번호 N회 오류입니다. 정확한 아이디 또는 비밀번호를 입력해 주세요."
로그인,통합 회원 계정 로그인_005,아이디 유효성 체크,-,,"1. 아이디 입력 필드에 존재하지 않는 아이디 입력
2. 임의의 비밀번호 입력
3. 로그인 버튼 클릭","아래의 안내 문구가 노출된다.
- 아이디 또는 비밀번호 n회 오류입니다. 정확한 아이디 또는 비밀번호를 입력해주세요."
로그인,통합 회원 계정 로그인_006,아이디 유효성 체크,-,,"1. 아이디 입력 필드에 아이디 영문, 숫자 외의 글자를 입력 (특수문자)
2. 임의의 비밀번호 입력
3. 로그인 버튼 클릭","아래의 안내 문구가 노출된다.
- 5~20자의 영문, 숫자만 사용 가능합니다."
로그인,통합 회원 계정 로그인_007,비밀번호 유효성 체크,-,,"1. 올바른 아이디 입력
2. 비밀번호 미입력
3. 로그인 버튼 클릭","아래의 안내 문구가 노출된다.
- 비밀번호를 입력해주세요."
로그인,통합 회원 계정 로그인_008,비밀번호 유효성 체크,-,,"1. 올바른 아이디 입력
2. 비밀번호 설정 조건이 지켜지지 않게 입력
3. 로그인 버튼 클릭","아래의 안내 문구가 노출된다.
- 영어, 숫자, 특수문자(@$!%*#?&)를 각 1개 이상 포함하여, 8자 ~ 20자 이하로 입력해 주세요
"
로그인,통합 회원 계정 로그인_009,비밀번호 유효성 체크,-,,"1. 올바른 아이디 입력
2. 비밀번호를 8자리 미만으로 입력
3. 로그인 버튼 클릭","아래의 안내 문구가 노출된다.
비밀번호는 최소 8자리 이상으로 입력해주세요."
로그인,통합 회원 계정 로그인_010,비밀번호 유효성 체크,-,,"1. 올바른 아이디 입력
2. 올바르지 않은 비밀번호 입력
3. 로그인 버튼 클릭","아래의 안내 문구가 노출된다.
아이디 또는 비밀번호 n회 오류입니다. 정확한 아이디 또는 비밀번호를 입력해주세요."
로그인,통합 회원 계정 로그인_011,비밀번호 유효성 체크,-,,"1. 올바른 아이디 입력
2. 올바르지 않은 비밀번호 입력
3. 로그인 버튼 클릭
4. 위 스텝을 10회 반복",비밀번호 입력 필드 하단 공간에 캡차가 노출된다.
로그인,통합 회원 계정 로그인_012,캡처 확인,캡차 노출,,"1. 올바른 아이디 입력
2. 올바른 비밀번호 입력
3. 캡차 미입력
4. 로그인 버튼 클릭",자동입력 방지문자가 올바르지 않다는 메시지 노출과 함께 로그인에 실패한다.
로그인,통합 회원 계정 로그인_013,캡처 확인,캡차 노출,,"1. 올바른 아이디 입력
2. 올바른 비밀번호 입력
3. 캡차 인증 문구 올바르지 않게 입력
4. 로그인 버튼 클릭",자동입력 방지문자가 올바르지 않다는 메시지 노출과 함께 로그인에 실패한다.
로그인,통합 회원 계정 로그인_014,로그인 버튼,캡차 노출,,"1. 올바른 아이디 입력
2. 올바른 비밀번호 입력
3. 캡차 인증 문구 올바르게 입력
4. 로그인 버튼 클릭",로그인에 성공하며 메인 서비스로 이동된다.
로그인,통합 회원 계정 로그인_015,비밀번호 변경일,비밀번호 변경일이 N일 초과된 계정을 사용,,"1. 올바른 아이디 입력
2. 올바른 비밀번호 입력
3. 로그인 버튼 클릭",비밀번호 변경 페이지로 이동된다.
로그인,통합 회원 계정 로그인_016,비밀번호 변경 권고,-,,1. 비밀번호 변경 페이지 ui 확인,"- 타이틀 : 비밀번호 변경하기
비밀번호를 변경하여
개인정보를 안전하게 보호하시기 바랍니다.
- 기존 비밀번호 입력 필드
- 변경 비밀번호 입력 필드
- 변경 비밀번호 재입력 필드
- 비밀번호 변경하기 버튼
- 30일 동안 보지 않기 버튼"
로그인,통합 회원 계정 로그인_017,비밀번호 변경 권고 유효성체크,-,,1. 기존 비밀번호 입력 필드에 텍스트 입력,텍스트 입력이 정상적으로 이루어진다.
로그인,통합 회원 계정 로그인_018,비밀번호 변경 권고 유효성체크,-,,"1. 기존 비밀번호 입력 필드에 비밀번호 입력
2. 변경 비밀번호 입력 필드에 8자 미만의 비밀번호 입력
4. 비밀번호 변경하기 버튼 클릭","아래의 안내 문구가 노출된다.
비밀번호는 최소 8자리 이상으로 입력해주세요."
로그인,통합 회원 계정 로그인_019,비밀번호 변경 권고 유효성체크,-,,"1. 기존 비밀번호 입력 필드에 비밀번호 입력
2. 변경 비밀번호 입력 필드에 비밀번호 설정 조건이 지켜지지 않게 입력
4. 비밀번호 변경하기 버튼 클릭","아래의 안내 문구가 노출된다.
- 영어, 숫자, 특수문자(@$!%*#?&)를 각 1개 이상 포함하여, 8자 ~ 20자 이하로 입력해 주세요
"
로그인,통합 회원 계정 로그인_020,비밀번호 변경 권고 유효성체크,-,,"1. 기존 비밀번호 입력 필드에 비밀번호 입력
2. 변경 비밀번호 입력 필드에 올바른 비밀번호 입력
3. 변경 비밀번호 재입력 필드에 비밀번호 입력하지 않음
4. 비밀번호 변경하기 버튼 클릭","아래의 안내 문구가 노출된다.
- 새 비밀번호를 다시 입력해주세요."
로그인,통합 회원 계정 로그인_021,비밀번호 변경 권고 유효성체크,-,,"1. 기존 비밀번호 입력 필드에 비밀번호 입력
2. 변경 비밀번호 입력 필드에 올바른 비밀번호 입력
3. 변경 비밀번호 재입력 필드에 변경 비밀번호 값과 다른 비밀번호 입력
4. 비밀번호 변경하기 버튼 클릭","아래의 안내 문구가 노출된다.
- 새 비밀번호가 일치하지 않습니다."
로그인,통합 회원 계정 로그인_022,비밀번호 변경 권고 유효성체크,-,,"1. 기존 비밀번호 입력 필드에 비밀번호 입력
2. 변경 비밀번호 입력 필드에 기존 비밀번호와 동일한 값 입력
3. 변경 비밀번호 재입력 필드에 변기존 비밀번호와 동일한 값 입력
4. 비밀번호 변경하기 버튼 클릭","아래의 얼럿이 노출된다.
- 이전 비밀번호와 동일합니다.
새 비밀번호를 다시 설정해주세요."
로그인,통합 회원 계정 로그인_023,비밀번호 변경 완료,-,,"1. 기존 비밀번호 입력 필드에 비밀번호 입력
2. 변경 비밀번호 입력 필드에 올바른 비밀번호 입력
3. 변경 비밀번호 재입력 필드에 올바른 비밀번호 입력
4. 비밀번호 변경하기 버튼 클릭",비밀번호 변경 완료가 이루어지며 메인페이지로 이동된다.
로그인,통합 회원 계정 로그인_024,비밀번호 변경 완료,,,"1. 비밀번호 변경 완료
2. 로그아웃 버튼 선택
3. 재로그인",비밀번호 변경 페이지로 이동되지 않고 메인페이지로 이동된다.
로그인,통합 회원 계정 로그인_025,30일 동안 보지않기 버튼,,,1. 30일 동안 보지 않기 버튼 클릭,메인페이지로 이동 된다.
로그인,통합 회원 계정 로그인_026,30일 동안 보지않기 버튼,,,"1. 30일 동안 보지 않기 버튼 클릭
2. 로그아웃 버튼 선택
3. 재로그인",비밀번호 변경 페이지로 이동되지 않고 메인페이지로 이동된다.
로그인,통합회원 휴면계정 로그인_001,휴면 로그인,"휴면계정 조건 : 1년동안 로그인 되지 않은 계정, 테스트를 위해서 db 에서 해당 값 변경 필요 (서버팀 에게 요청)",,"1. 휴면계정 정보 아이디/패스워드 입력
2. 로그인 버튼 클릭",휴면 계정 전환 안내 페이지로 이동된다.
로그인,통합회원 휴면계정 로그인_002,휴면 로그인,-,,1. 휴면 계정 전환 페이지 ui 확인,"- 타이틀 : 휴면 계정 안내
안녕하세요!
회원님은 마블러스계정에 1년 이상 로그인하지 않아 관련 법령에 따라 휴면 상태로 전환되었습니다.
- 마지막 접속일 : xxxx.xx.xx
- 휴면 전환일 : xxxx.xx.xx
마블러스 계정 서비스를 계속 이용하시려면 [휴면 해제하기] 버튼을 클릭해주세요.
- 취소 버튼
- 휴면 해제하기 버튼"
로그인,통합회원 휴면계정 로그인_003,취소,휴면 계정 페이지 진입,,1. 취소 버튼 클릭,로그인 페이지로 이동된다.
로그인,통합회원 휴면계정 로그인_004,휴면 해제하기,휴면 계정 페이지 진입,,1. 휴면 해제하기 버튼 클릭,휴면 해제 페이지로 이동된다.
로그인,통합회원 휴면계정 로그인_005,휴면 해제,-,,1. 휴면 해제 페이지 ui 확인,"- 타이틀 : 이메일 인증
가입 시 입력한 이메일을 인증해주세요.
- 이메일 입력 필드
- 이메일 인증 버튼
- 인증번호 입력 필드
- 인증번호 전송 시 남은시간 노출 영역
- 다음단계로 버튼"
로그인,통합회원 휴면계정 로그인_006,휴면 해제,휴면 해제 페이지 진입,,1. 이메일 입력 필드에 텍스트 입력,텍스트 입력이 정상적으로 이루어진다.
로그인,통합회원 휴면계정 로그인_007,휴면 해제,휴면 해제 페이지 진입,,"1. 이메일 입력 필드에 이메일 앞 자리와 뒷자리 중 하나의 내용이 비어있게 입력
2. 인증 버튼 클릭",이메일 주소를 모두 입력해 주십시오
로그인,통합회원 휴면계정 로그인_008,휴면 해제,휴면 해제 페이지 진입,,"1. 이메일 입력 필드에 비정상적인 이메일 입력(_,-를 제외한 특수문자 포함)
2. 인증 버튼 클릭",문구 노출
로그인,통합회원 휴면계정 로그인_009,휴면 해제,휴면 해제 페이지 진입,,"1. 이메일 입력 필드에 db 에 존재하지 않는 이메일 입력
2. 인증 버튼 클릭",정상적인 메일 주소가 아닙니다 문구 노출
로그인,통합회원 휴면계정 로그인_010,휴면 해제,휴면 해제 페이지 진입,,"1. 이메일 입력 필드에 유효한 이메일 입력
2. 인증 버튼 클릭",등록되지 않은 회원입니다. 문구 노출
로그인,통합회원 휴면계정 로그인_011,휴면 해제,"1. 휴면 해제 페이지 진입
2. 인증 번호 전송 완료",,1. 인증 번호 입력 시간 문구 노출 확인,입력한 이메일 주소로 인증번호 발송이 이루어진다.
로그인,통합회원 휴면계정 로그인_012,휴면 해제,"1. 휴면 해제 페이지 진입
2. 인증 번호 전송 완료",,"1. 인증번호 입력필드에 유효하지 않은 인증번호 입력
2. 다음단계 버튼 클릭","인증번호 입력 필드 아래에
인증번호를 보냈습니다. (남은 시간 mm:dd) 노출이 이루어진다."
로그인,통합회원 휴면계정 로그인_013,휴면 해제,"1. 휴면 해제 페이지 진입
2. 인증 번호 전송 완료",,"1. 인증번호 입력필드에 값 입력하지 않음
2. 다음단계 버튼 클릭",인증에 실패했다는 문구 노출과 함께 다음 단계로 이동이 이루어지지 않고 현재 페이지가 유지된다.
로그인,통합회원 휴면계정 로그인_014,휴면 해제,"1. 휴면 해제 페이지 진입
2. 인증 번호 전송 완료",,"1. 인증번호 입력필드에 유효한 값 입력
2. 다음단계 버튼 클릭",다음단계 버튼이 활성화 되지 않는다.
로그인,통합회원 휴면계정 로그인_015,휴면 해제,약관동의 페이지 진입,,1. 약관동의 페이지 ui 확인,약관동의 페이지로 이동된다.
로그인,통합회원 휴면계정 로그인_016,휴면 해제,약관동의 페이지 진입,,"1. 모든 약관 체크 하지 않음
2. 다음단계 버튼 활성화 여부 확인","- 타이틀 : 약관동의
약관에 동의해주세요.
- [필수] 마블러스 통합회원 이용약관 (자세히 보기 버튼)
- [필수] 마블러스 개인정보 처리방침 (자세히 보기 버튼)
- [선택] 마블러스 마케팅 활용 동의 (자세히 보기 버튼)
- [선택] 밈즈 앱 야간 정보 수신 동의 (자세히 보기 버튼)
- 다음단계 버튼"
로그인,통합회원 휴면계정 로그인_017,휴면 해제,약관동의 페이지 진입,,"1. 선택 약관만 체크
2. 다음단계 버튼 활성화 여부 확인",다음단계 버튼이 비활성화 되어 동작하지 않는다.
로그인,통합회원 휴면계정 로그인_018,휴면 해제,약관동의 페이지 진입,,"1. 필수 약관만 체크
2. 다음단계 버튼 활성화 여부 확인",다음단계 버튼이 비활성화 되어 동작하지 않는다.
로그인,통합회원 휴면계정 로그인_019,휴면 해제,약관동의 페이지 진입,,"1. 모든 약관 체크
2. 다음단계 버튼 활성화 여부 확인",다음단계 버튼이 활성화된다.
로그인,통합회원 휴면계정 로그인_020,휴면 해제,약관동의 페이지 진입,,"1. 모든 약관 체크
2. 다음단계 버튼 클릭",다음단계 버튼이 활성화된다.
로그인,통합회원 휴면계정 로그인_021,휴면 해제,계정활성화 안내 페이지 진입,,1. 계정활성화 안내 페이지 ui 확인,계정활성화 안내 페이지로 이동된다.
로그인,통합회원 휴면계정 로그인_022,휴면 해제,계정활성화 안내 페이지 진입,,1. 로그인 버튼 클릭,"- 타이틀 : 고객님의 계정 활성화가 완료되었습니다.
재로그인 후 정상적으로 서비스 이용 가능 합니다.
앞으로 많은 이용 부탁 드립니다.
- 로그인 버튼"
로그인,sns 휴면계정 로그인_001,네이버 계정 휴면 해제,"휴면계정 조건 : 1년동안 로그인 되지 않은 계정, 테스트를 위해서 db 에서 해당 값 변경 필요 (서버팀 에게 요청)",,1. 네이버 계정으로 로그인,로그인 페이지로 이동된다.
로그인,sns 휴면계정 로그인_002,네이버 계정 휴면 해제,-,,1. 네이버 인증 버튼 클릭,"네이버 sns 인증 페이지가 노출된다.
타이틀 : sns 아이디 인증
개인정보를 보호하기 위해 sns 인증을 해주세요.
- 네이버 인증 버튼"
로그인,sns 휴면계정 로그인_003,카카오 계정 휴면 해제,"휴면계정 조건 : 1년동안 로그인 되지 않은 계정, 테스트를 위해서 db 에서 해당 값 변경 필요 (서버팀 에게 요청)",,1. 카카오 계정으로 로그인,네이버 인증 스텝이 시작된다. (자세한 기획 내용 없음)
로그인,sns 휴면계정 로그인_004,카카오 계정 휴면 해제,-,,1. 카카오 인증 버튼 클릭,"카카오 sns 인증 페이지가 노출된다.
타이틀 : sns 아이디 인증
개인정보를 보호하기 위해 sns 인증을 해주세요.
- 카카오 인증 버튼"
로그인,sns 휴면계정 로그인_005,페이스북 계정 휴면 해제,"휴면계정 조건 : 1년동안 로그인 되지 않은 계정, 테스트를 위해서 db 에서 해당 값 변경 필요 (서버팀 에게 요청)",,1. 페이스북 계정으로 로그인,카카오 인증 스텝이 시작된다. (자세한 기획 내용 없음)
로그인,sns 휴면계정 로그인_006,페이스북 계정 휴면 해제,-,,1. 카카오 인증 버튼 클릭,"페이스북 sns 인증 페이지가 노출된다.
타이틀 : sns 아이디 인증
개인정보를 보호하기 위해 sns 인증을 해주세요.
- 페이스북 인증 버튼"
로그인,sns 휴면계정 로그인_007,공통,-,,1. sns 아이디 인증 완료,페이스북 인증 스텝이 시작된다. (자세한 기획 내용 없음)
로그인,sns 휴면계정 로그인_008,휴면 해제,약관동의 페이지 진입,,1. 약관동의 페이지 ui 확인,약관 동의 페이지로 이동된다.
로그인,sns 휴면계정 로그인_009,휴면 해제,약관동의 페이지 진입,,"1. 모든 약관 체크 하지 않음
2. 다음단계 버튼 활성화 여부 확인","- 타이틀 : 약관동의
약관에 동의해주세요.
- [필수] 마블러스 통합회원 이용약관 (자세히 보기 버튼)
- [필수] 마블러스 개인정보 처리방침 (자세히 보기 버튼)
- [선택] 마블러스 마케팅 활용 동의 (자세히 보기 버튼)
- [선택] 밈즈 앱 야간 정보 수신 동의 (자세히 보기 버튼)
- 다음단계 버튼"
로그인,sns 휴면계정 로그인_010,휴면 해제,약관동의 페이지 진입,,"1. 선택 약관만 체크
2. 다음단계 버튼 활성화 여부 확인",다음단계 버튼이 비활성화 되어 동작하지 않는다.
로그인,sns 휴면계정 로그인_011,휴면 해제,약관동의 페이지 진입,,"1. 필수 약관만 체크
2. 다음단계 버튼 활성화 여부 확인",다음단계 버튼이 비활성화 되어 동작하지 않는다.
로그인,sns 휴면계정 로그인_012,휴면 해제,약관동의 페이지 진입,,"1. 모든 약관 체크
2. 다음단계 버튼 활성화 여부 확인",다음단계 버튼이 활성화된다.
로그인,sns 휴면계정 로그인_013,휴면 해제,약관동의 페이지 진입,,"1. 모든 약관 체크
2. 다음단계 버튼 클릭",다음단계 버튼이 활성화된다.
로그인,sns 휴면계정 로그인_014,휴면 해제,계정활성화 안내 페이지 진입,,1. 계정활성화 안내 페이지 ui 확인,계정활성화 안내 페이지로 이동된다.
로그인,sns 휴면계정 로그인_015,휴면 해제,계정활성화 안내 페이지 진입,,1. 로그인 버튼 클릭,"- 타이틀 : 고객님의 계정 활성화가 완료되었습니다.
재로그인 후 정상적으로 서비스 이용 가능 합니다.
앞으로 많은 이용 부탁 드립니다.
- 로그인 버튼"
로그인,아이디 찾기_001,-,로그인 페이지 진입,,1. 아이디 찾기 버튼 클릭,로그인 페이지로 이동된다.
로그인,아이디 찾기_002,ui,-,,1. 아이디 찾기 페이지 ui 확인,아이디 찾기 페이지로 이동된다.
로그인,아이디 찾기_003,이메일 입력,-,,"1. 이메일 입력 필드에 아무런 값 입력하지 않음
2. 포커스 아웃","- 타이틀 : 아이디 찾기
가입 시 입력한 이메일을 입력해주세요.
- 이메일 입력 필드
- 인증 버튼
- 아이디 찾기 버튼"
로그인,아이디 찾기_004,이메일 입력,-,,"1. 이메일 입력 필드에 이메일 형식이 아닌 텍스트 입력
2. 포커스 아웃","아래의 문구 노출
- 이메일을 입력해주세요."
로그인,아이디 찾기_005,이메일 입력,-,,"1. 이메일 입력 필드에 등록되지 않은 이메일 주소 입력
2. 인증 버튼 클릭","아래의 문구 노출
- 이메일 형식으로 입력해주세요."
로그인,아이디 찾기_006,이메일 입력,없는 이메일 정보 얼럿 노출 상태,,1. 확인 버튼 클릭,"아래의 얼럿 노출
- 없는 이메일 정보입니다. 다시 확인해 주세요."
로그인,아이디 찾기_007,이메일 입력,-,,"1. 유효한 이메일 주소 입력
2. 인증 버튼 클릭",얼럿이 닫힌다.
로그인,아이디 찾기_008,-,인증요청 완료 상태,,1. ui 변경 확인,인증요청이 완료되고 입력한 이메일 주소로 인증번호 발송이 이루어진다.
로그인,아이디 찾기_009,인증번호 입력,인증요청 완료 상태,,"1. 인증번호 입력 필드에 아무런 값 입력하지 않음
2. 포커스 아웃","아래의 정보가 생성된다.
- 인증번호를 보냈습니다. (남은시간: $MM:DD)
- 확인 버튼 활성화"
로그인,아이디 찾기_010,인증번호 입력,인증요청 완료 상태,,"1. 인증번호 입력 필드에 틀린 인증번호 입력
2. 확인 버튼 클릭","아래의 문구 노출
- 인증 번호를 입력해주세요ㅣ."
로그인,아이디 찾기_011,인증번호 입력,인증요청 완료 상태,,"1. 인증번호 입력 필드에 텍스트 입력
2. 인증 버튼 활성화 상태 확인","아래의 얼럿 노출
- 유효하지 않은 인증번호 입니다."
로그인,아이디 찾기_012,인증번호 입력,5분이 지나 인증요청 만료 상태,,1. ui 변경 확인,인증 버튼이 활성화된다.
로그인,아이디 찾기_013,인증번호 입력,5분이 지나 인증요청 만료 상태,,1. 재발송 버튼 클릭,"아래의 정보가 변경된다.
- 재발송 버튼 활성화
- 유효시간이 만료되었습니다. 안내문구 노출
인증번호를 재발송해주세요."
로그인,아이디 찾기_014,인증번호 입력,재발송 버튼 3회 이상 클릭,,1. 재발송 버튼 클릭,재발송 요청이 완료되고 입력한 이메일 주소로 인증번호 발송이 이루어진다.
로그인,아이디 찾기_015,인증번호 입력,재발송 가능 회수 초과 얼럿 노출,,1. 확인 버튼 클릭,"아래의 얼럿 노출 확인
- 재발송 가능 회수를 초과하였습니다.
24시간 후에 다시 시도해주세요.
- 확인 버튼"
로그인,아이디 찾기_016,인증번호 입력,-,,"1. 인증번호 입력 필드에 유효한 인증번호 입력
2. 확인 버튼 클릭",얼럿이 닫힌다.
로그인,아이디 찾기_017,아이디 찾기 버튼,아이디 찾기 버튼 활성화 상태,,1. 아이디 찾기 버튼 클릭,"아래의 문구 노출
- 인증이 완료되었습니다.
아이디 찾기 버튼 활성화"
로그인,아이디 찾기_018,찾기 완료 페이지,-,,1. 아이디 찾기 완료 페이지 UI 확인,아이디 찾기 완료 페이지로 이동된다.
로그인,아이디 찾기_019,찾기 완료 페이지,-,,1. 로그인하기 버튼 클릭,"- 타이틀 : 아이디 찾기
회원님의 아이디를 찾았어요!
- 아이디 노출 영역
- 로그인하기 버튼
- 비밀번호 찾기 버튼"
로그인,아이디 찾기_020,찾기 완료 페이지,-,,1. 비밀번호 찾기 버튼,로그인 페이지로 이동된다.
로그인,비밀번호 찾기_001,-,-,,"1. 로그인 페이지 진입
2. 비밀번호 찾기 버튼 클릭",비밀번호 찾기 페이지로 이동된다.
로그인,비밀번호 찾기_002,ui 확인,-,,1. 비밀번호 찾기 페이지 ui 확인,비밀번호 찾기 페이지로 이동된다.
로그인,비밀번호 찾기_003,아이디/ 이메일 입력,-,,"1. 아이디 입력 필드에 유효하지 않은 값 입력
2. 이메일 입력 필드에 유효하지 않은 값 입력","- 타이틀 : 비밀번호 찾기
비밀번호를 잊으셨나요?
가입한 아이디와 가입 시 입력한 이메일을 입력해주세요.
- 아이디 입력 필드
- 이메일 입력 필드
- 비밀번호 찾기 버튼"
로그인,비밀번호 찾기_004,아이디/ 이메일 입력,-,,"1. 아이디 입력 필드에 유효 값 입력
2. 이메일 입력 필드에 이메일 형식의 유효하지 않은 값 입력","아래의 얼럿 노출
- 일치하는 회원 정보가 없습니다. 다시 확인해주세요.
- 확인 버튼
- 아이디 찾기 버튼"
로그인,비밀번호 찾기_005,아이디/ 이메일 입력,-,,"1. 아이디 입력 필드에 유효 값 입력
2. 이메일 입력 필드에 이메일 형식에 맞지 않는 값 입력","아래의 얼럿 노출
- 일치하는 회원 정보가 없습니다. 다시 확인해주세요.
- 확인 버튼
- 아이디 찾기 버튼"
로그인,비밀번호 찾기_006,아이디/ 이메일 입력,-,,"1. 아이디 입력 필드에 유효 값 입력
2. 이메일 입력 필드에 유효 값 입력","아래의 문구 확인
- 이메일 형식으로 입력해주세요."
로그인,비밀번호 찾기_007,이메일 인증 발송,인증번호 발송 얼럿 노출 상태,,1. 확인 버튼 클릭,"아래의 얼럿 노출
- 이메일로 인증번호를 발송했습니다.
이메일 인증을 진행해주세요.
- 확인 버튼"
로그인,비밀번호 찾기_008,인증번호 입력,-,,,얼럿이 닫히며 인증번호 입력페이지로 이동된다.
로그인,비밀번호 찾기_009,인증번호 입력,-,,"1. 이메일 입력 필드에 아무런 값 입력하지 않음
2. 포커스 아웃",
로그인,비밀번호 찾기_010,인증번호 입력,-,,"1. 이메일 입력 필드에 이메일 형식이 아닌 텍스트 입력
2. 포커스 아웃","아래의 문구 노출
- 이메일을 입력해주세요."
로그인,비밀번호 찾기_011,인증번호 입력,-,,"1. 이메일 입력 필드에 등록되지 않은 이메일 주소 입력
2. 인증 버튼 클릭","아래의 문구 노출
- 이메일 형식으로 입력해주세요."
로그인,비밀번호 찾기_012,인증번호 입력,없는 이메일 정보 얼럿 노출 상태,,1. 확인 버튼 클릭,"아래의 얼럿 노출
- 없는 이메일 정보입니다. 다시 확인해 주세요."
로그인,비밀번호 찾기_013,인증번호 입력,-,,"1. 유효한 이메일 주소 입력
2. 인증 버튼 클릭",얼럿이 닫힌다.
로그인,비밀번호 찾기_014,인증번호 입력,인증요청 완료 상태,,1. ui 변경 확인,인증요청이 완료되고 입력한 이메일 주소로 인증번호 발송이 이루어진다.
로그인,비밀번호 찾기_015,인증번호 입력,인증요청 완료 상태,,"1. 인증번호 입력 필드에 아무런 값 입력하지 않음
2. 포커스 아웃","아래의 정보가 생성된다.
- 인증번호를 보냈습니다. (남은시간: $MM:DD)
- 확인 버튼 활성화"
로그인,비밀번호 찾기_016,인증번호 입력,인증요청 완료 상태,,"1. 인증번호 입력 필드에 틀린 인증번호 입력
2. 확인 버튼 클릭","아래의 문구 노출
- 인증 번호를 입력해주세요ㅣ."
로그인,비밀번호 찾기_017,인증번호 입력,인증요청 완료 상태,,"1. 인증번호 입력 필드에 텍스트 입력
2. 인증 버튼 활성화 상태 확인","아래의 얼럿 노출
- 유효하지 않은 인증번호 입니다."
로그인,비밀번호 찾기_018,인증번호 입력,5분이 지나 인증요청 만료 상태,,1. ui 변경 확인,인증 버튼이 활성화된다.
로그인,비밀번호 찾기_019,인증번호 입력,5분이 지나 인증요청 만료 상태,,1. 재발송 버튼 클릭,"아래의 정보가 변경된다.
- 재발송 버튼 활성화
- 유효시간이 만료되었습니다. 안내문구 노출
인증번호를 재발송해주세요."
로그인,비밀번호 찾기_020,인증번호 입력,재발송 버튼 3회 이상 클릭,,1. 재발송 버튼 클릭,재발송 요청이 완료되고 입력한 이메일 주소로 인증번호 발송이 이루어진다.
로그인,비밀번호 찾기_021,인증번호 입력,재발송 가능 회수 초과 얼럿 노출,,1. 확인 버튼 클릭,"아래의 얼럿 노출 확인
- 재발송 가능 회수를 초과하였습니다.
24시간 후에 다시 시도해주세요.
- 확인 버튼"
로그인,비밀번호 찾기_022,인증번호 입력,-,,"1. 유효한 인증번호 입력
2. 확인 버튼 클릭",얼럿이 닫힌다.
로그인,비밀번호 찾기_023,인증 완료,-,,1. 다음단계 버튼 클릭,"아래와 같이 노출된다.
- 인증이 완료되었습니다.
- 다음단계 버튼 활성화"
로그인,비밀번호 찾기_024,비밀번호 재설정,-,,1. 비밀번호 재설정 페이지 ui 확인,비밀번호 재설정 페이지로 이동된다.
로그인,비밀번호 찾기_025,비밀번호 재설정,-,,"1. 새 비밀번호 입력 필드
2. 내용 입력하지 않음","- 타이틀 : 비밀번호 재설정
새로운 비밀번호를 만들어주세요.
- 새 비밀번호 입력필드
- 새 비밀번호 재확인 입력필드
- 비밀번호 수정 버튼"
로그인,비밀번호 찾기_026,비밀번호 재설정,-,,"1. 새 비밀번호 입력 필드
2. 비밀번호 설정 조건이 지켜지지 않게 입력","1. 유효성 검사 문구 확인
 - 비밀번호를 입력해 주세요."
로그인,비밀번호 찾기_027,비밀번호 재설정,-,,"1. 새 비밀번호 입력 필드
2. 7자리 이하로 입력","1. 유효성 검사 문구 확인
 - 영어, 숫자, 특수문자(@$!%*#?&)를 각 1개 이상 포함하여, 8자 ~ 20자 이하로 입력해 주세요"
로그인,비밀번호 찾기_028,비밀번호 재설정,-,,"1. 새 비밀번호 입력 필드
2. 유효하지 않은 비밀번호 입력","1. 유효성 검사 문구 확인
 - 비밀번호는 최소 8자리 이상으로 입력해주세요."
로그인,비밀번호 찾기_029,비밀번호 재설정,-,,"1. 새 비밀번호 입력 필드
2. 비밀번호 보기 버튼 클릭","1. 유효성 검사 문구 확인
 - 문자/숫자/기호 8자 이상 입력해 주세요."
로그인,비밀번호 찾기_030,비밀번호 재설정,-,,"1. 비밀번호 재입력 필드
2. 비밀번호와 다른 비밀번호 입력",입력한 비밀번호가 노출된다.
로그인,비밀번호 찾기_031,비밀번호 재설정,-,,"1. 비밀번호 재입력 입력 필드
2. 비밀번호 보기 버튼 클릭",비밀번호가 일치하지 않습니다. 문구 노출
로그인,비밀번호 찾기_032,비밀번호 재설정,-,,"1. 새 비밀번호 입력 필드에 기존과 동일한 비밀번호 입력
2. 비밀번호 재입력 입력 필드에 기존과 동일한 비밀번호 입력
3. 비밀번호 수정 버튼 클릭",입력한 비밀번호가 노출된다.
로그인,비밀번호 찾기_033,비밀번호 재설정,-,,"1. 새 비밀번호 입력 필드에 유효한 비밀번호 입력
2. 비밀번호 재입력 입력 필드에 유효한 비밀번호 입력
3. 비밀번호 수정 버튼 클릭",이전 비밀번호와 동일합니다. 문구 노출
로그인,비밀번호 찾기_034,비밀번호 재설정,변경 완료 얼럿 노출 상태,,1. 로그인하기 버튼 클릭,"비밀번호 변경이 완료되며
아래의 얼럿 노출
- 비밀번호 변경이 완료되었습니다.
변경된 비밀번호로 다시 로그인해주세요.
- 로그인하기 버튼"
내 정보,통합회원 계정_001,gnb 확인,,,"1. 각 서비스 별 gnb 확인
2. 내 정보 클릭",내 정보 페이지가 노출된다.
내 정보,통합회원 계정_002,PASS 인증 X,,,1. 내 정보 페이지 UI 확인,"- 타이틀 : 내 정보
- 회원정보 변경 버튼
- 아이디 : HEECHANGXXX (뒤 세글자는 마스킹)
- 이메일 : DDXXX@NAVER.COM (앞 두글자 제외 마스킹)
- 닉네임 : 임의 닉네임 부여 (회원 가입 후 최초 상태)
- 휴대폰 : - (PASS 인증 X 값 없음 하이픈 처리)
- 이름 : - (PASS 인증 X 값 없음 하이픈 처리)
- 생년월일 : - ((PASS 인증 X 값 없음 하이픈 처리)"
내 정보,통합회원 계정_003,PASS 인증 O,,,1. 내 정보 페이지 UI 확인,"- 타이틀 : 내 정보
- 회원정보 변경 버튼
- 아이디 : HEECHANGXXX (뒤 세글자는 마스킹)
- 이메일 : DDXXX@NAVER.COM (앞 두글자 제외 마스킹)
- 닉네임 : 임의 닉네임 부여 (회원 가입 후 최초 상태)
- 휴대폰 : 010-12**-**** (중간 두글자 제외 마스킹)
- 이름 : 이*창(중간 글자 마스킹, 외자일 경우 성 제외 마스킹)
- 생년월일 : ****.06.11 (연도만 마스킹)"
내 정보,통합회원 계정_004,회원정보 변경,,,1. 회원정보 변경 버튼 클릭,회원정보 수정 페이지 진입을 위한 비밀번호 재확인을 하는 페이지가 노출된다.
내 정보,통합회원 계정_005,비밀번호 재확인,,,1. 비밀번호 재확인 페이지 ui 확인,"타이틀 : 비밀번호 재확인
개인정보를 안전하게 보호하기 위해 비밀번호을 다시 한 번 입력해 주세요.
- 아이디 노출 필드
- 비밀번호 입력 필드
- 확인 버튼"
내 정보,통합회원 계정_006,비밀번호 재확인,,,"1. 비밀번호를 입력하지 않음
2. 포커스 아웃","아래 문구 노출
- 비밀번호를 입력해주세요."
내 정보,통합회원 계정_007,비밀번호 재확인,,,"1. 유효하지 않은 비밀번호 입력
2. 확인 버튼 클릭","아래 얼럿 노출
- 비밀번호가 일치하지 않습니다.
- 확인 버튼"
내 정보,통합회원 계정_008,비밀번호 재확인,비밀번호 불일치 얼럿 노출,,1. 확인 버튼 클릭,얼럿이 닫히며 비밀번호 재확인 페이지가 유지된다.
내 정보,통합회원 계정_009,비밀번호 재확인,,,"1. 유효한 비밀번호 입력
2. 확인 버튼 클릭",나의 정보 수정 페이지로 이동된다.
내 정보,통합회원 계정_010,나의 정보 수정,"내정보 > 나의 정보 수정 최초 접근 시
 : 닉네임 / 본인인증 CIDI / 이름 / 휴대폰번호 / 성별 / 생년월일 정보 없음",,1. 최초 접근 시 페이지 동작 확인,"아래의 얼럿 노출
- 커머스, NFT, 코인 서비스를 이용하시려면
추가회원정보를 입력해주세요.
- 확인 버튼"
내 정보,통합회원 계정_011,나의 정보 수정,"1. 나의 정보 수정 최초 접근
2. 최초 접근 얼럿 노출",,1. 확인 버튼 클릭,얼럿이 닫히며 회원정보 변경 페이지가 노출된다.
내 정보,통합회원 계정_012,회원 정보 변경,나의 정보 수정 최초 접근 or 수정한 이력이 없는 경우,,1. 회원 정보 변경 페이지 ui 확인,"- 타이틀 : 회원 정보 변경
- 내 정보 변경 탭
- 비밀번호 변경 탭
- 아이디 노출 필드
- 이메일 입력 필드, [중복확인] 버튼
- 닉네임 입력 필드, [중복확인] 버튼
- 휴대폰 번호 노출 필드, [휴대폰인증] 버튼
- 이름 노출 필드
- 생년월일 노출 필드
- 성별 노출 필드
- 마케팅 정보 수신 체크박스
- 회원정보 변경 버튼"
내 정보,통합회원 계정_013,회원 정보 변경,,,"1. 이메일 입력 필드에 이메일 앞 자리와 뒷자리 중 하나의 내용이 비어있게 입력
2. 포커스 아웃","아래의 문구 노출
- 이메일 주소를 모두 입력해 주십시오"
내 정보,통합회원 계정_014,회원 정보 변경,,,"1. 이메일 입력 필드에 비정상적인 이메일 입력(_,-를 제외한 특수문자 포함)
2. 포커스 아웃","아래의 문구 노출
- 정상적인 메일 주소가 아닙니다."
내 정보,통합회원 계정_015,회원 정보 변경,,,"1. 기존에 등록되어 있는 이메일 입력
2. 중복확인 버튼 클릭","아래의 문구 노출
- 이미 사용중인 이메일 입니다."
내 정보,통합회원 계정_016,회원 정보 변경,,,"1. 정상적인 이메일 주소 입력
2. 나머지 필수 입력 필드 모두 입력
3. 중복확인 버튼 클릭하지 않고 나의 정보 수정 버튼 클릭","아래의 얼럿 노출
- 이메일 중복 체크를 해주세요.
- 확인 버튼"
내 정보,통합회원 계정_017,회원 정보 변경,,,"1. 유효한 이메일 주소 입력
2. 중복확인 버튼 클릭","아래의 문구 노출
- 중복확인이 완료되었습니다."
내 정보,통합회원 계정_018,회원 정보 변경,,,"1. 닉네임 입력 필드에 띄어쓰기가 되어있거나(공백) 특수 기호  글자를 입력
2. 포커스 아웃","아래의 문구 노출
- 2~8자의 한글, 영문, 숫자만 사용 가능합니다"
내 정보,통합회원 계정_019,회원 정보 변경,,,"1. 닉네임 입력 필드에 2자리 미만으로 입력
2. 포커스 아웃","아래의 문구 노출
- 닉네임은 최소 2자리 이상으로 입력해주세요"
내 정보,통합회원 계정_020,회원 정보 변경,,,"1. 기존에 등록되어 있는 닉네임 입력
2. 중복확인 버튼 클릭","아래의 문구 노출
- 이미 사용중인 닉네임 입니다.."
내 정보,통합회원 계정_021,회원 정보 변경,,,"1. 정상적인 닉네임 입력
2. 나머지 필수 입력 필드 모두 입력
3. 중복확인 버튼 클릭하지 않고 나의 정보 수정 버튼 클릭","아래의 얼럿 노출
- 닉네임 중복 체크를 해주세요.
- 확인 버튼"
내 정보,통합회원 계정_022,회원 정보 변경,,,"1. 유효한 닉네임 입력
2. 중복확인 버튼 클릭","아래의 문구 노출
- 중복확인이 완료되었습니다."
내 정보,통합회원 계정_023,회원 정보 변경,,,1. 휴대폰 인증 버튼 클릭,휴대폰 인증_개인정보 수집/이동 동의 페이지로 이동된다.
내 정보,통합회원 계정_024,회원 정보 변경,,,1. 휴대폰 인증_개인정보 수집/이동 동의 페이지 ui 확인,"- 타이틀 : 휴대폰 인증
 휴대폰 인증이 완료되면 이름, 생년월일, 성별, 중복 가입확인정보(DI, CI)가 저장됩니다.
- 개인정보 수집/동의 체크박스
개인정보 수집/이용 동의
목적 : 이용자 식별, 통합회원 코인정보 연동
보유기간 : 회원 탈퇴 시 또는 동의 철회 시
 위와 같이 개인정보를 수집/이용하는데 동의를 거부할 권리가 있습니다. 그러나 동의를 거부할 경우 일부 서비스를 제공받으실 수 없습니다.
- 닫기 버튼
- 완료 버튼"
내 정보,통합회원 계정_025,회원 정보 변경,휴대폰 인증_개인정보 수집/이동 동의 페이지 진입,,1. 닫기 버튼 클릭,페이지가 닫히고 서비스 메인화면으로 복귀한다.
내 정보,통합회원 계정_026,회원 정보 변경,휴대폰 인증_개인정보 수집/이동 동의 페이지 진입,,"1. 개인정보 수집/이용 미동의
2. 완료 버튼 활성화 여부 확인",완료 버튼이 비활성화 되어 노출된다.
내 정보,통합회원 계정_027,회원 정보 변경,휴대폰 인증_개인정보 수집/이동 동의 페이지 진입,,"1. 개인정보 수집/이용 동의
2. 완료 버튼 활성화 여부 확인",완료 버튼이 활성화 되어 노출된다.
내 정보,통합회원 계정_028,회원 정보 변경,휴대폰 인증_개인정보 수집/이동 동의 페이지 진입,,"1. 개인정보 수집/이용 동의
2. 완료 버튼 클릭",pass 인증 페이지로 이동된다.
내 정보,통합회원 계정_029,회원 정보 변경,,,1. pass 인증 완료,"본인 인증 결과값이 리턴되어 회원정보 페이지에 노출된다.
이름 / 휴대폰번호 / 생년월일 / 성별"
내 정보,통합회원 계정_030,회원 정보 변경,,,"1. 회원 정보 페이지에 모든 필수값 입력
2. 회원 정보 변경 버튼 클릭","아래의 얼럿 노출
- 회원정보가 수정 되었습니다.
- 확인 버튼"
내 정보,통합회원 계정_031,회원 정보 변경,,,1. 확인 버튼 클릭,얼럿이 닫히고 내 정보 페이지로 이동된다.
내 정보,통합회원 계정_032,비밀번호 변경,,,1. 비밀번호 변경 탭 클릭,비밀번호 변경 페이지가 노출된다.
내 정보,통합회원 계정_033,비밀번호 변경,,,1. 비밀번호 변경 페이지 ui 확인,"- 새 비밀번호 입력 필드
- 새 비밀번호 확인 입력 필드
- 닫기 버튼
- 완료 버튼"
내 정보,통합회원 계정_034,비밀번호 변경,,,1. 닫기 버튼 클릭,서비스 메인화면으로 이동된다.
내 정보,통합회원 계정_035,비밀번호 변경,,,"1. 새 비밀번호 입력 필드에 값 입력하지 않음
2. 포커스 아웃","아래의 문구 노출 확인
- 비밀번호를 입력해주세요."
내 정보,통합회원 계정_036,비밀번호 변경,,,"1. 새 비밀번호 입력 필드
2. 비밀번호 설정 조건이 지켜지지 않게 입력","1. 유효성 검사 문구 확인
 - 영어, 숫자, 특수문자(@$!%*#?&)를 각 1개 이상 포함하여, 8자 ~ 20자 이하로 입력해 주세요"
내 정보,통합회원 계정_037,비밀번호 변경,,,"1. 새 비밀번호 입력 필드
2. 7자리 이하로 입력","1. 유효성 검사 문구 확인
 - 비밀번호는 최소 8자리 이상으로 입력해주세요."
내 정보,통합회원 계정_038,비밀번호 변경,,,"1. 새 비밀번호 입력 필드
2. 유효하지 않은 비밀번호 입력","1. 유효성 검사 문구 확인
 - 문자/숫자/기호 8자 이상 입력해 주세요."
내 정보,통합회원 계정_039,비밀번호 변경,,,"1. 새 비밀번호 입력 필드
2. 비밀번호 보기 버튼 클릭",입력한 비밀번호가 노출된다.
내 정보,통합회원 계정_040,비밀번호 변경,,,"1. 비밀번호 재입력 필드
2. 비밀번호와 다른 비밀번호 입력",비밀번호가 일치하지 않습니다. 문구 노출
내 정보,통합회원 계정_041,비밀번호 변경,,,"1. 비밀번호 재입력 입력 필드
2. 비밀번호 보기 버튼 클릭",입력한 비밀번호가 노출된다.
내 정보,통합회원 계정_042,비밀번호 변경,,,"1. 새 비밀번호 입력 필드에 기존과 동일한 비밀번호 입력
2. 비밀번호 재입력 입력 필드에 기존과 동일한 비밀번호 입력
3. 완료 버튼 클릭",이전 비밀번호와 동일합니다. 문구 노출
내 정보,통합회원 계정_043,비밀번호 변경,,,"1. 새 비밀번호 입력 필드에 유효한 비밀번호 입력
2. 비밀번호 재입력 입력 필드에 유효한 비밀번호 입력
3. 완료 버튼 클릭","아래의 얼럿 노출
- 비밀번호가 변경 되었습니다.
- 확인 버튼"
내 정보,통합회원 계정_044,비밀번호 변경,비밀번호 변경 완료 얼럿 노출,,1. 확인 버튼 클릭,내 정보 페이지가 노출된다.
내 정보,통합회원 계정_045,sns 연결 설정,,,1. sns 연결 탭 클릭,sns 연결 페이지로 이동된다.
내 정보,통합회원 계정_046,sns 연결 설정,,,1. sns 연결 페이지 ui 확인,"- 네이버 로그인 연결
- 카카오 로그인 연결
- 페이스북 로그인 연결"
내 정보,통합회원 계정_047,sns 연결 설정,sns 연결 계정이 존재하지 않는 경우,,1. 페이지 확인,연결 버튼이 비활성화되어 노출된다.
내 정보,통합회원 계정_048,sns 연결 설정,네이버 계정이 결합 됐을 경우,,1. 페이지 확인,네이버 로그인 연결 화면에 버튼이 활성화 되어 노출된다.
내 정보,통합회원 계정_049,sns 연결 설정,카카오 계정이 결합 됐을 경우,,1. 페이지 확인,카카오 로그인 연결 화면에 버튼이 활성화 되어 노출된다.
내 정보,통합회원 계정_050,sns 연결 설정,페이스북 계정이 결합 됐을 경우,,1. 페이지 확인,페이스북 로그인 연결 화면에 버튼이 활성화 되어 노출된다.
내 정보,통합회원 계정_051,회원탈퇴,,,1. 회원 탈퇴 버튼 클릭,비밀번호 재확인 페이지가 노출된다.
내 정보,통합회원 계정_052,회원탈퇴,,,1. 비밀번호 재확인 페이지 ui 확인,"- 타이틀 : 비밀번호 재확인
개인정보를 안전하게 보호하기 위해 비밀번호을 다시 한 번 입력해 주세요.
- 아이디 노출 필드
- 비밀번호 입력 필드
- 닫기 버튼
- 확인 버튼"
내 정보,통합회원 계정_053,회원탈퇴,,,1. 닫기 버튼 클릭,서비스 메인화면으로 이동된다.
내 정보,통합회원 계정_054,회원탈퇴,,,"1. 올바르지 않은 비밀번호 입력
2. 확인 버튼 클릭","아래의 얼럿 노출
- 비밀번호가 일치하지 않습니다."
내 정보,통합회원 계정_055,회원탈퇴,,,"1. 비밀번호 입력 필드에 비밀번호 입력하지 않음
2. 포커스 아웃","아래의 문구 노출
- 비밀번호를 입력해주세요."
내 정보,통합회원 계정_056,회원탈퇴,,,"1. 유효한 비밀번호 입력
2. 확인 버튼 클릭",탈퇴하기 페이지로 이동된다.
내 정보,통합회원 계정_057,회원탈퇴,,,탈퇴하기 페이지 ui 확인,"- 타이틀 : 탈퇴하기
탈퇴 유의사항을 확인하신 후 회원 탈퇴를 진행해주세요.
회원 탈퇴 시 현재 이용 중인 모든 마블러스 통합ID 서비스 및 사이트를 더 이상 이용하실 수 없습니다.
마블러스 정책에 따라 회원탈퇴 후 5일 동안 재가입이 불가합니다.
회원 탈퇴 시 보유하고 계신 포인트, 쿠폰, 각종 코인 등 모든 혜택은 자동 소멸되면 복구 불가합니다. 
회원 탈퇴 후 재가입 시 신규 회원으로 가입되며, 탈퇴 전의 회원정보 및 혜택은 복원되지 않습니다.
회원 탈퇴 전 예약 발송된 광고 메시지가 있는 경우 약 1~2일 동안 발송 될 수 있습니다.
마블러스 통합서비스에서 진행중인 주문 또는 이용중인 서비스가 있을 경우 탈퇴가 불가합니다.
교환/반품/환불 및 사후처리(A/S) 등을 위하여 전자상거래 등에서의 소비자보호에 관한 법률에 의거해 일정 기간동안 보관 후 파기됩니다.
- 진행중인 주문이나 서비스가 없습니다. 체크박스
- 탈퇴 유의사항을 모두 확인하였으며, 마블러스 통합ID 서비스 탈퇴에 동의합니다. 체크박스
- 탈퇴사유 : 사유 선택 셀렉트 박스 (필수 값)
- 상세사유 
- 닫기 버튼
- 완료 버튼"
내 정보,통합회원 계정_058,회원탈퇴,,,1. 진행중 서비스 체크박스 선택,체크박스 선택 / 선택 해제가 정상적으로 이루어진다.
내 정보,통합회원 계정_059,회원탈퇴,,,1. 서비스 동의 체크박스 선택,체크박스 선택 / 선택 해제가 정상적으로 이루어진다.
내 정보,통합회원 계정_060,회원탈퇴,,,1. 탈퇴 사유 셀렉트박스 선택,"탈퇴사유선택 셀렉트 박스 내의 값이 노출되며 선택이 가능하며 다중 선택도 가능하다.
항목 : 선택/더 이상 이용하지 않음/상품 및 콘텐츠가 부족함/다른 계정으로 재가입/혜택이 만족스럽지 않음/직접입력
디폴트 : 선택"
내 정보,통합회원 계정_061,회원탈퇴,,,1. 상세 사유 입력 필드에 텍스트 입력,상세사유 입력 필드에 입력된 텍스트가 정상적으로 노출된다.
내 정보,통합회원 계정_062,회원탈퇴,,,"1. 필수 항목 체크 및 선택하지 않음
([완료]버튼/ 진행중 서비스 체크/ 동의 체크/ 탈퇴사유 선택
2. 완료 버튼 활성화 여부 확인",완료 버튼이 비활성화 되어 노출된다.
내 정보,통합회원 계정_063,회원탈퇴,,,"1. 필수 항목 모두 체크
([완료]버튼/ 진행중 서비스 체크/ 동의 체크/ 탈퇴사유 선택
2. 완료 버튼 활성화 여부 확인",완료 버튼이 활성화 되어 노출된다.
내 정보,통합회원 계정_064,회원탈퇴,,,"1. 필수 항목 모두 체크
([완료]버튼/ 진행중 서비스 체크/ 동의 체크/ 탈퇴사유 선택
2. 완료 버튼 클릭","아래의 탈퇴확인 얼럿이 노출된다.
- 정말 탈퇴하시겠습니까?
- 확인 버튼"
내 정보,통합회원 계정_065,회원탈퇴,탈퇴 확인 얼럿 노출 상태,,1. 확인 버튼 클릭 (탈퇴 성공 시),"아래의 얼럿 노출되며 탈퇴 처리한 해당 계정이 자동으로 로그아웃/탈퇴 처리가 된다.
- 회원탈퇴가 완료되었습니다.
- 확인 버튼 클릭"
내 정보,통합회원 계정_066,회원탈퇴,탈퇴 완료 얼럿 노출 상태,,1. 확인 버튼 클릭,"탈퇴완료 페이지가 노출된다.
- 타이틀 : 탈퇴완료
탈퇴가 완료되었습니다."
내 정보,통합회원 계정_067,회원탈퇴,탈퇴 확인 얼럿 노출 상태,,1. 확인 버튼 클릭 (탈퇴 실패 시),"아래의 탈퇴실패 얼럿 노출
- 회원탈퇴가 실패되었습니다.
- 확인 버튼"
내 정보,통합회원 계정_068,회원탈퇴,탈퇴 실패 얼럿 노출 상태,,1. 확인 버튼 클릭,얼럿이 닫히며 탈퇴하기 페이지가 유지된다.
내 정보,sns 계정_001,-,,,"1. 각 서비스 별 gnb 확인
2. 내 정보 클릭",내 정보 페이지가 노출된다.
내 정보,sns 계정_002,회원정보 변경,,,1. 회원정보 변경 버튼 클릭,회원정보 수정 페이지 진입을 위한 카카오 로그인 하는 페이지가 노출된다.
내 정보,sns 계정_003,회원정보 변경,,,1. sns 로그인 실행,sns 로그인이 완료 되며 나의 정보 수정 페이지로 이동된다.
내 정보,sns 계정_004,나의 정보 수정,"내정보 > 나의 정보 수정 최초 접근 시
 : 닉네임 / 본인인증 CIDI / 이름 / 휴대폰번호 / 성별 / 생년월일 정보 없음",,1. 최초 접근 시 페이지 동작 확인,"아래의 얼럿 노출
- 커머스, NFT, 코인 서비스를 이용하시려면
추가회원정보를 입력해주세요.
- 확인 버튼"
내 정보,sns 계정_005,나의 정보 수정,"1. 나의 정보 수정 최초 접근
2. 최초 접근 얼럿 노출",,1. 확인 버튼 클릭,얼럿이 닫히며 회원정보 변경 페이지가 노출된다.
내 정보,sns 계정_006,회원 정보 변경,나의 정보 수정 최초 접근 or 수정한 이력이 없는 경우,,1. 회원 정보 변경 페이지 ui 확인,"- 타이틀 : 회원 정보 변경
- 내 정보 변경 탭
- 비밀번호 변경 탭
- 아이디 노출 필드
- 이메일 노출 필드
- 닉네임 입력 필드, [중복확인] 버튼
- 휴대폰 번호 노출 필드, [휴대폰인증] 버튼
- 이름 노출 필드 (빈값)
- 생년월일 노출 필드 (빈값)
- 성별 노출 필드 (빈값)
- 마케팅 정보 수신 체크박스
- 회원정보 변경 버튼"
내 정보,sns 계정_007,회원 정보 변경,,,"1. 닉네임 입력 필드에 띄어쓰기가 되어있거나(공백) 특수 기호  글자를 입력
2. 포커스 아웃","아래의 문구 노출
- 2~8자의 한글, 영문, 숫자만 사용 가능합니다"
내 정보,sns 계정_008,회원 정보 변경,,,"1. 닉네임 입력 필드에 2자리 미만으로 입력
2. 포커스 아웃","아래의 문구 노출
- 닉네임은 최소 2자리 이상으로 입력해주세요"
내 정보,sns 계정_009,회원 정보 변경,,,"1. 기존에 등록되어 있는 닉네임 입력
2. 중복확인 버튼 클릭","아래의 문구 노출
- 이미 사용중인 닉네임 입니다.."
내 정보,sns 계정_010,회원 정보 변경,,,"1. 정상적인 닉네임 입력
2. 나머지 필수 입력 필드 모두 입력
3. 중복확인 버튼 클릭하지 않고 나의 정보 수정 버튼 클릭","아래의 얼럿 노출
- 닉네임 중복 체크를 해주세요.
- 확인 버튼"
내 정보,sns 계정_011,회원 정보 변경,,,"1. 유효한 닉네임 입력
2. 중복확인 버튼 클릭","아래의 문구 노출
- 중복확인이 완료되었습니다."
내 정보,sns 계정_012,회원 정보 변경,,,1. 휴대폰 인증 버튼 클릭,휴대폰 인증_개인정보 수집/이동 동의 페이지로 이동된다.
내 정보,sns 계정_013,회원 정보 변경,,,1. 휴대폰 인증_개인정보 수집/이동 동의 페이지 ui 확인,"- 타이틀 : 휴대폰 인증
 휴대폰 인증이 완료되면 이름, 생년월일, 성별, 중복 가입확인정보(DI, CI)가 저장됩니다.
- 개인정보 수집/동의 체크박스
개인정보 수집/이용 동의
목적 : 이용자 식별, 통합회원 코인정보 연동
보유기간 : 회원 탈퇴 시 또는 동의 철회 시
 위와 같이 개인정보를 수집/이용하는데 동의를 거부할 권리가 있습니다. 그러나 동의를 거부할 경우 일부 서비스를 제공받으실 수 없습니다.
- 닫기 버튼
- 완료 버튼"
내 정보,sns 계정_014,회원 정보 변경,휴대폰 인증_개인정보 수집/이동 동의 페이지 진입,,1. 닫기 버튼 클릭,페이지가 닫히고 서비스 메인화면으로 복귀한다.
내 정보,sns 계정_015,회원 정보 변경,휴대폰 인증_개인정보 수집/이동 동의 페이지 진입,,"1. 개인정보 수집/이용 미동의
2. 완료 버튼 활성화 여부 확인",완료 버튼이 비활성화 되어 노출된다.
내 정보,sns 계정_016,회원 정보 변경,휴대폰 인증_개인정보 수집/이동 동의 페이지 진입,,"1. 개인정보 수집/이용 동의
2. 완료 버튼 활성화 여부 확인",완료 버튼이 활성화 되어 노출된다.
내 정보,sns 계정_017,회원 정보 변경,휴대폰 인증_개인정보 수집/이동 동의 페이지 진입,,"1. 개인정보 수집/이용 동의
2. 완료 버튼 클릭",pass 인증 페이지로 이동된다.
내 정보,sns 계정_018,회원 정보 변경,,,1. pass 인증 완료,"본인 인증 결과값이 리턴되어 회원정보 페이지에 노출된다.
이름 / 휴대폰번호 / 생년월일 / 성별"
내 정보,sns 계정_019,회원 정보 변경,,,"1. 회원 정보 페이지에 모든 필수값 입력
2. 회원 정보 변경 버튼 클릭","아래의 얼럿 노출
- 회원정보가 수정 되었습니다.
- 확인 버튼"
내 정보,sns 계정_020,회원 정보 변경,,,1. 확인 버튼 클릭,얼럿이 닫히고 내 정보 페이지로 이동된다.
내 정보,sns 계정_021,회원 탈퇴,,,1. 회원 탈퇴 버튼 클릭,sns 로그인 페이지가 노출된다.
내 정보,sns 계정_022,회원 탈퇴,,,1. sns 로그인 실행,sns 로그인이 완료 되며 회원탈퇴 페이지로 이동된다.
내 정보,sns 계정_023,회원탈퇴,,,탈퇴하기 페이지 ui 확인,"- 타이틀 : 탈퇴하기
탈퇴 유의사항을 확인하신 후 회원 탈퇴를 진행해주세요.
회원 탈퇴 시 현재 이용 중인 모든 마블러스 통합ID 서비스 및 사이트를 더 이상 이용하실 수 없습니다.
마블러스 정책에 따라 회원탈퇴 후 5일 동안 재가입이 불가합니다.
회원 탈퇴 시 보유하고 계신 포인트, 쿠폰, 각종 코인 등 모든 혜택은 자동 소멸되면 복구 불가합니다. 
회원 탈퇴 후 재가입 시 신규 회원으로 가입되며, 탈퇴 전의 회원정보 및 혜택은 복원되지 않습니다.
회원 탈퇴 전 예약 발송된 광고 메시지가 있는 경우 약 1~2일 동안 발송 될 수 있습니다.
마블러스 통합서비스에서 진행중인 주문 또는 이용중인 서비스가 있을 경우 탈퇴가 불가합니다.
교환/반품/환불 및 사후처리(A/S) 등을 위하여 전자상거래 등에서의 소비자보호에 관한 법률에 의거해 일정 기간동안 보관 후 파기됩니다.
- 진행중인 주문이나 서비스가 없습니다. 체크박스
- 탈퇴 유의사항을 모두 확인하였으며, 마블러스 통합ID 서비스 탈퇴에 동의합니다. 체크박스
- 탈퇴사유 : 사유 선택 셀렉트 박스 (필수 값)
- 상세사유 
- 닫기 버튼
- 완료 버튼"
내 정보,sns 계정_024,회원탈퇴,,,1. 진행중 서비스 체크박스 선택,체크박스 선택 / 선택 해제가 정상적으로 이루어진다.
내 정보,sns 계정_025,회원탈퇴,,,1. 서비스 동의 체크박스 선택,체크박스 선택 / 선택 해제가 정상적으로 이루어진다.
내 정보,sns 계정_026,회원탈퇴,,,1. 탈퇴 사유 셀렉트박스 선택,"탈퇴사유선택 셀렉트 박스 내의 값이 노출되며 선택이 가능하며 다중 선택도 가능하다.
항목 : 선택/더 이상 이용하지 않음/상품 및 콘텐츠가 부족함/다른 계정으로 재가입/혜택이 만족스럽지 않음/직접입력
디폴트 : 선택"
내 정보,sns 계정_027,회원탈퇴,,,1. 상세 사유 입력 필드에 텍스트 입력,상세사유 입력 필드에 입력된 텍스트가 정상적으로 노출된다.
내 정보,sns 계정_028,회원탈퇴,,,"1. 필수 항목 체크 및 선택하지 않음
([완료]버튼/ 진행중 서비스 체크/ 동의 체크/ 탈퇴사유 선택
2. 완료 버튼 활성화 여부 확인",완료 버튼이 비활성화 되어 노출된다.
내 정보,sns 계정_029,회원탈퇴,,,"1. 필수 항목 모두 체크
([완료]버튼/ 진행중 서비스 체크/ 동의 체크/ 탈퇴사유 선택
2. 완료 버튼 활성화 여부 확인",완료 버튼이 활성화 되어 노출된다.
내 정보,sns 계정_030,회원탈퇴,,,"1. 필수 항목 모두 체크
([완료]버튼/ 진행중 서비스 체크/ 동의 체크/ 탈퇴사유 선택
2. 완료 버튼 클릭","아래의 탈퇴확인 얼럿이 노출된다.
- 정말 탈퇴하시겠습니까?
- 확인 버튼"
내 정보,sns 계정_031,회원탈퇴,탈퇴 확인 얼럿 노출 상태,,1. 확인 버튼 클릭 (탈퇴 성공 시),"아래의 얼럿 노출되며 탈퇴 처리한 해당 계정이 자동으로 로그아웃/탈퇴 처리가 된다.
- 회원탈퇴가 완료되었습니다.
- 확인 버튼 클릭"
내 정보,sns 계정_032,회원탈퇴,탈퇴 완료 얼럿 노출 상태,,1. 확인 버튼 클릭,"탈퇴완료 페이지가 노출된다.
- 타이틀 : 탈퇴완료
탈퇴가 완료되었습니다."
내 정보,sns 계정_033,회원탈퇴,탈퇴 확인 얼럿 노출 상태,,1. 확인 버튼 클릭 (탈퇴 실패 시),"아래의 탈퇴실패 얼럿 노출
- 회원탈퇴가 실패되었습니다.
- 확인 버튼"
내 정보,sns 계정_034,회원탈퇴,탈퇴 실패 얼럿 노출 상태,,1. 확인 버튼 클릭,얼럿이 닫히며 탈퇴하기 페이지가 유지된다.
통합회원전환,통합계정ID 존재_001,-,,,1. 통합계정으로 로그인 실행,통합회원 계정 결합 약관동의 페이지가 노출된다.
통합회원전환,통합계정ID 존재_002,약관동의 페이지,,,1. 약관동의 페이지 UI 확인,"아래와 같이 노출
- 타이틀 : 통합회원id전환 및 결합
- 마블러스 통합ID로 전환하시면 One-ID로  
서비스의 코인을사용하실 수 있습니다.
- 전체약관 동의 체크박스
- [필수]통합ID서비스를 위한 개인정보 제공동의 체크박스
- 다음에 하기 버튼
- 확인 버튼"
통합회원전환,통합계정ID 존재_003,약관동의 페이지,,,1. 다음에 하기 버튼 클릭,"통합계정 결합은 이루어지지 않고 로그인이 완료된다.
해당 계정으로 로그아웃 -> 재로그인 시 다시 계정 결합 플로우가 노출된다."
통합회원전환,통합계정ID 존재_004,약관동의 페이지,,,"1. 필수약관 및 전체약관 동의 체크하지 않음
2. 확인 버튼 활성화 여부 확인",확인 버튼이 비활성화 되며 버튼 클릭 시 반응하지 않는다.
통합회원전환,통합계정ID 존재_005,약관동의 페이지,,,"1. 필수약관 체크
2. 확인 버튼 활성화 여부 확인",확인 버튼이 활성화된다.
통합회원전환,통합계정ID 존재_006,약관동의 페이지,,,"1. 전체약관 체크
2. 확인 버튼 활성화 여부 및 필수약관 체크 여부 확인",확인 버튼이 활성화되며 필수약관 체크가 자동으로 이루어진다.
통합회원전환,통합계정ID 존재_007,약관동의 페이지,,,1. 필수약관 > 버튼 클릭,약관동의 개인정보 제공동의 팝업이 노출된다.
통합회원전환,통합계정ID 존재_008,약관동의 페이지,개인정보 제공동의 팝업 노출 상태,,1. x 버튼 클릭,팝업이 닫히며 약관동의 페이지가 노출된다.
통합회원전환,통합계정ID 존재_009,약관동의 페이지,,,"1. 전체약관 체크
2. 확인 버튼 클릭",휴대폰 본인 인증 페이지로 이동된다.
통합회원전환,통합계정ID 존재_010,휴대폰 본인 인증 페이지,,,1. 본인 인증 페이지 UI 확인,"아래와 같이 노출
- 타이틀 : 통합회원id전환 및 결합
- 기존 이용 사이트(밈즈, 푸드버스샵, 폴콘샵, 푸드버스 오더)
통합회원ID 전환여부 확인 및 기존 계정정보 연결을 위해 이름/휴대폰번호/CI조회 후 전환을 진행합니다.
- 통합회원 ID 전환은 만 14세 이상만 가능합니다.
서비스 회원가입 여부 확인을 위해 아래 정보로 조회가 진행됩니다.
조회정보 : 이름.  휴대폰번호, 생년월일, Ci
- 취소 버튼
- 휴대폰 인증 버튼"
통합회원전환,통합계정ID 존재_011,휴대폰 본인 인증 페이지,,,1. 취소 버튼 클릭,"통합계정 결합은 이루어지지 않고 로그인이 완료되며 서비스 메인페이지로 이동된다.
해당 계정으로 로그아웃 -> 재로그인 시 다시 계정 결합 플로우가 노출된다."
통합회원전환,통합계정ID 존재_012,휴대폰 본인 인증 페이지,,,1. 휴대폰 인증 버튼 클릭,PASS 인증 페이지로 이동된다.
통합회원전환,통합계정ID 존재_013,PASS 인증 완료,,,1. PASS 인증 완료,통합회원ID 결합 페이지로 이동된다.
통합회원전환,통합계정ID 존재_014,통합회원 ID 결합,,,1. 통합계정ID 가 존재하는 경우 통합회원 ID 결합 페이지 확인,"아래와 같이 노출
- 타이틀 : 통합회원ID로 결합
- 통합회원ID가 존재합니다. 
해당계정을 통합회원ID로 결합하시면 One-ID로  
사이트를 편리하게 이용하실 수 있습니다.
- 계정 정보
통합회원 ID : nami1004 
통합회원ID 전환일시 : $YYYY-MM-DD HH:MM:SS$ 
보유코인 : 5,000cn
- [유의사항]
ID 전환 및 결합시 코인정책 확인 후 재정의
- 취소 버튼
- 통합회원 결합 버튼"
통합회원전환,통합계정ID 존재_015,통합회원 ID 결합,,,,
통합회원전환,통합계정ID 존재_016,통합회원 ID 결합,,,1. 취소 버튼 클릭,"통합계정 결합은 이루어지지 않고 로그인이 완료되며 서비스 메인페이지로 이동된다.
해당 계정으로 로그아웃 -> 재로그인 시 다시 계정 결합 플로우가 노출된다."
통합회원전환,통합계정ID 존재_017,통합회원 ID 결합,,,1. 계정 정보 유효성 확인,"아래와 같이 본인의 계정 정보가 정확한 값으로 노출된다.
통합회원 ID : nami1004 
통합회원ID 전환일시 : $YYYY-MM-DD HH:MM:SS$ 
보유코인 : 5,000cn"
통합회원전환,통합계정ID 존재_018,통합회원 ID 결합,,,1. 통합회원 결합 버튼 클릭,통합회원 결합 완료 페이지가 노출된다.
통합회원전환,통합계정ID 존재_019,통합회원 ID 결합 완료,,,1. 통합회원 결합 완료 페이지 확인,"아래와 같이 노출
- 타이틀 : 통합회원ID 전환 및 결합
감사합니다.
통합회원 전환 및 결합이 완료되었습니다.
- 계정정보
통합회원 ID : nami1004 
통합회원ID 전환일시 : $YYYY-MM-DD HH:MM:SS$ 
보유코인 : 5,000cn
- 통합회원 ID로 로그인 버튼
- 마블러스 통합 ID 서비스 이미지 노출"
통합회원전환,통합계정ID 존재_020,통합회원 ID 결합 완료,,,1. 계정 정보 유효성 확인,"아래와 같이 본인의 계정 정보가 정확한 값으로 노출된다.
통합회원 ID : nami1004 
통합회원ID 전환일시 : $YYYY-MM-DD HH:MM:SS$ 
보유코인 : 5,000cn"
통합회원전환,통합계정ID 존재_021,통합회원 ID 결합 완료,,,1. 통합회원 ID 로 로그인 버튼 클릭,로그인 페이지로 이동이 이루어진다.
통합회원전환,통합계정ID 존재_022,통합회원 ID 결합 완료,,,1. 통합회원 결합 ID 로 로그인 실행,로그인이 정상적으로 이루어지며 통합회원 결합 플로우가 노출되지 않는다.
통합회원전환,통합계정ID 미존재_001,-,,,1. 통합계정으로 로그인 실행,통합회원 계정 결합 약관동의 페이지가 노출된다.
통합회원전환,통합계정ID 미존재_002,약관동의 페이지,,,1. 약관동의 페이지 UI 확인,"아래와 같이 노출
- 타이틀 : 통합회원id전환 및 결합
- 마블러스 통합ID로 전환하시면 One-ID로  
서비스의 코인을사용하실 수 있습니다.
- 전체약관 동의 체크박스
- [필수]통합ID서비스를 위한 개인정보 제공동의 체크박스
- 다음에 하기 버튼
- 확인 버튼"
통합회원전환,통합계정ID 미존재_003,약관동의 페이지,,,1. 다음에 하기 버튼 클릭,"통합계정 결합은 이루어지지 않고 로그인이 완료된다.
해당 계정으로 로그아웃 -> 재로그인 시 다시 계정 결합 플로우가 노출된다."
통합회원전환,통합계정ID 미존재_004,약관동의 페이지,,,"1. 필수약관 및 전체약관 동의 체크하지 않음
2. 확인 버튼 활성화 여부 확인",확인 버튼이 비활성화 되며 버튼 클릭 시 반응하지 않는다.
통합회원전환,통합계정ID 미존재_005,약관동의 페이지,,,"1. 필수약관 체크
2. 확인 버튼 활성화 여부 확인",확인 버튼이 활성화된다.
통합회원전환,통합계정ID 미존재_006,약관동의 페이지,,,"1. 전체약관 체크
2. 확인 버튼 활성화 여부 및 필수약관 체크 여부 확인",확인 버튼이 활성화되며 필수약관 체크가 자동으로 이루어진다.
통합회원전환,통합계정ID 미존재_007,약관동의 페이지,,,1. 필수약관 > 버튼 클릭,약관동의 개인정보 제공동의 팝업이 노출된다.
통합회원전환,통합계정ID 미존재_008,약관동의 페이지,개인정보 제공동의 팝업 노출 상태,,1. x 버튼 클릭,팝업이 닫히며 약관동의 페이지가 노출된다.
통합회원전환,통합계정ID 미존재_009,약관동의 페이지,,,"1. 전체약관 체크
2. 확인 버튼 클릭",휴대폰 본인 인증 페이지로 이동된다.
통합회원전환,통합계정ID 미존재_010,휴대폰 본인 인증 페이지,,,1. 본인 인증 페이지 UI 확인,"아래와 같이 노출
- 타이틀 : 통합회원id전환 및 결합
- 기존 이용 사이트(밈즈, 푸드버스샵, 폴콘샵, 푸드버스 오더)
통합회원ID 전환여부 확인 및 기존 계정정보 연결을 위해 이름/휴대폰번호/CI조회 후 전환을 진행합니다.
- 통합회원 ID 전환은 만 14세 이상만 가능합니다.
서비스 회원가입 여부 확인을 위해 아래 정보로 조회가 진행됩니다.
조회정보 : 이름.  휴대폰번호, 생년월일, Ci
- 취소 버튼
- 휴대폰 인증 버튼"
통합회원전환,통합계정ID 미존재_011,휴대폰 본인 인증 페이지,,,1. 취소 버튼 클릭,"통합계정 결합은 이루어지지 않고 로그인이 완료되며 서비스 메인페이지로 이동된다.
해당 계정으로 로그아웃 -> 재로그인 시 다시 계정 결합 플로우가 노출된다."
통합회원전환,통합계정ID 미존재_012,휴대폰 본인 인증 페이지,,,1. 휴대폰 인증 버튼 클릭,PASS 인증 페이지로 이동된다.
통합회원전환,통합계정ID 미존재_013,PASS 인증 완료,,,1. PASS 인증 완료,통합회원ID 결합 페이지로 이동된다.
통합회원전환,통합계정ID 미존재_014,통합ID 전환,,,1. 통합 ID가 존재하지 않는 경우 계정 결합 페이지 확인,"- 타이틀 : 통합회원ID로 전환
통합회원ID로 전환하고자 하는 
가입정보를 선택해주세요.
- 가입 계정 노출 영역 (계정/이메일/코인), (같은 CIDI 인증 계정 존재 시 여러개의 계정 노출)
nami1004 /nami@naver.com/5,000cn
- 통합회원ID로 전환하신 ID로만 코인을 사용하실 수 있습니다.
- 통합회원으로 전환 시, 선택되지 않은 계정과 코인은 소멸됩니다.
- 소셜간편회원에 중복 가입된 경우 통합회원ID 계정으로 자동 연결됩니다.
- 취소 버튼
- 다음단계로 버튼"
통합회원전환,통합계정ID 미존재_015,통합ID 전환,,,1. 취소버튼 클릭,"통합계정 결합은 이루어지지 않고 로그인이 완료되며 서비스 메인페이지로 이동된다.
해당 계정으로 로그아웃 -> 재로그인 시 다시 계정 결합 플로우가 노출된다."
통합회원전환,통합계정ID 미존재_016,통합ID 전환,"1. 같은 CI DI 로 인증한 계정이 2개 이상일 경우
2. 2개 이상의 계정 중 1개 이상이 일반 계정인 경우",,"1. 계정 정보에서 일반 계정 선택
2. 다음단계로 버튼 클릭",통합회원 ID 결합 완료 페이지가 노출된다.
통합회원전환,통합계정ID 미존재_017,통합ID 결합 완료,,,1. 결합 완료 페이지 확인,"아래와 같이 노출
- 타이틀 : 통합회원ID 전환 및 결합
감사합니다.
통합회원 전환 및 결합이 완료되었습니다.
- 계정정보
통합회원 ID : nami1004 
통합회원ID 전환일시 : $YYYY-MM-DD HH:MM:SS$ 
보유코인 : 5,000cn
- 통합회원 ID로 로그인 버튼
- 마블러스 통합 ID 서비스 이미지 노출"
통합회원전환,통합계정ID 미존재_018,통합ID 전환,"1. 같은 CI DI 로 인증한 계정이 2개 이상일 경우
2. 2개 이상의 계정 중 1개 이상이 소셜 계정인 경우",,"1. 계정 정보에서 소셜 계정 선택
2. 다음단계로 버튼 클릭",통합회원 ID 전환 페이지가 노출된다.
통합회원전환,통합계정ID 미존재_019,통합ID 전환,,,1. 통합회원 ID 전환 페이지 확인,"아래와 같이 노출된다.
- 타이틀 : 통합회원ID 전환
통합회원ID로 전환을 위해 
아이디/비밀번호를 입력해주세요.
- 아이디 입력 필드
- 비밀번호 입력 필드
- 비밀번호 재입력 필드
- 취소 버튼
- 다음단계로 버튼"
통합회원전환,통합계정ID 미존재_020,통합ID 전환,,,1. 취소 버튼,"통합계정 결합은 이루어지지 않고 로그인이 완료되며 서비스 메인페이지로 이동된다.
해당 계정으로 로그아웃 -> 재로그인 시 다시 계정 결합 플로우가 노출된다."
통합회원전환,통합계정ID 미존재_021,통합ID 전환,,,"1. 아이디 입력 필드에 텍스트 입력하지 않음
2. 비밀번호 미입력
3. 로그인 버튼 클릭","아래의 안내 문구가 노출된다.
- 아이디를 입력해 주세요."
통합회원전환,통합계정ID 미존재_022,통합ID 전환,,,"1. 아이디 입력 필드에 아이디 입력
2. 입력한 아이디 앞에 공백을 넣음
3. 해당 계정의 올바른 비밀번호 입력
4.. 로그인 버튼 클릭","아래의 안내 문구가 노출된다.
- 아이디 또는 비밀번호 N회 오류입니다. 정확한 아이디 또는 비밀번호를 입력해 주세요."
통합회원전환,통합계정ID 미존재_023,통합ID 전환,,,"1. 아이디 입력 필드에 존재하지 않는 아이디 입력
2. 임의의 비밀번호 입력
3. 로그인 버튼 클릭","아래의 안내 문구가 노출된다.
- 아이디 또는 비밀번호 n회 오류입니다. 정확한 아이디 또는 비밀번호를 입력해주세요."
통합회원전환,통합계정ID 미존재_024,통합ID 전환,,,"1. 아이디 입력 필드에 아이디 영문, 숫자 외의 글자를 입력 (특수문자)
2. 임의의 비밀번호 입력
3. 로그인 버튼 클릭","아래의 안내 문구가 노출된다.
- 5~20자의 영문, 숫자만 사용 가능합니다."
통합회원전환,통합계정ID 미존재_025,통합ID 전환,,,"1. 새 비밀번호 입력 필드에 값 입력하지 않음
2. 포커스 아웃","아래의 문구 노출 확인
- 비밀번호를 입력해주세요."
통합회원전환,통합계정ID 미존재_026,통합ID 전환,,,"1. 새 비밀번호 입력 필드
2. 비밀번호 설정 조건이 지켜지지 않게 입력","1. 유효성 검사 문구 확인
 - 영어, 숫자, 특수문자(@$!%*#?&)를 각 1개 이상 포함하여, 8자 ~ 20자 이하로 입력해 주세요"
통합회원전환,통합계정ID 미존재_027,통합ID 전환,,,"1. 새 비밀번호 입력 필드
2. 7자리 이하로 입력","1. 유효성 검사 문구 확인
 - 비밀번호는 최소 8자리 이상으로 입력해주세요."
통합회원전환,통합계정ID 미존재_028,통합ID 전환,,,"1. 새 비밀번호 입력 필드
2. 유효하지 않은 비밀번호 입력","1. 유효성 검사 문구 확인
 - 문자/숫자/기호 8자 이상 입력해 주세요."
통합회원전환,통합계정ID 미존재_029,통합ID 전환,,,"1. 새 비밀번호 입력 필드
2. 비밀번호 보기 버튼 클릭",입력한 비밀번호가 노출된다.
통합회원전환,통합계정ID 미존재_030,통합ID 전환,,,"1. 비밀번호 재입력 필드
2. 비밀번호와 다른 비밀번호 입력",비밀번호가 일치하지 않습니다. 문구 노출
통합회원전환,통합계정ID 미존재_031,통합ID 전환,,,"1. 비밀번호 재입력 입력 필드
2. 비밀번호 보기 버튼 클릭",입력한 비밀번호가 노출된다.
통합회원전환,통합계정ID 미존재_032,통합ID 전환,모든 필수값 입력,,1. 다음단계로 버튼 클릭,통합회원 ID 전환 페이지가 노출된다.
통합회원전환,통합계정ID 미존재_033,통합ID 전환,,,1. 통합회원 ID 전환 페이지 확인,"아래와 같이 노출된다.
- 타이틀 : 통합회원ID 전환
통합회원ID로 전환을 위해 
아이디/비밀번호를 입력해주세요.
- 아이디 입력 필드
- 비밀번호 입력 필드
- 비밀번호 재입력 필드
- 취소 버튼
- 다음단계로 버튼"
mcoin,mcoin진입_001,엠코인 멤버쉽 페이지 이동,1. 해당 계정이 멤버쉽 전환을 한 상태의 계정,,"1. 내정보
2. 우측 상단 햄버거 메뉴 클릭
3. m.coin 멤버쉽 메뉴 클릭",m.coin 멤버쉽 페이지로 이동이 이루어진다.
mcoin,mcoin 멤버쉽 페이지 확인_001,ui 확인,1. 해당 계정이 멤버쉽 전환을 한 상태의 계정,,1. mcoin 멤버쉽 페이지 UI 확인,"- 타이틀 : m.coin 멤버쉽
- 소개글 : M.Coin 멤버십 소개
- 밈즈, 밈즈샵, 푸드버스, 폴콘 등 다양한 서비스에서 M.Coin을 만나실 수 있습니다. 이하 중략
- 나의 m.coin 조회 버튼
- 닫기 버튼 "
mcoin,mcoin 멤버쉽 페이지 확인_002,닫기 버튼,1. 해당 계정이 멤버쉽 전환을 한 상태의 계정,,1. 닫기 버튼 클릭,서비스 메인페이지로 이동 안내 팝업이 노출된다.
mcoin,mcoin 조회 버튼_001,mcoin 조회,1. 해당 계정이 멤버쉽 전환을 한 상태의 계정,,1. mcoin 조회 버튼 클릭,나의 m.coin 내역을 조회 할 수 있는 페이지로 이동이 이루어진다.
mcoin,mcoin 멤버쉽 페이지 확인_003,조회 버튼,1. 해당 계정이 멤버쉽 전환을 하지 않은 상태의 계정,,1. mcoin 조회 버튼 클릭,"멤버쉽 전환 얼럿이 노출된다.
- M.Coin멤버십ID로 전환하시면 코인을 사용하실 수 있습니다. M.Coin멤버십ID로 전환하시겠습니까? 
- 확인 버튼
- 취소 버튼"
mcoin,mcoin 멤버쉽 페이지 확인_004,확인 버튼,1. 해당 계정이 멤버쉽 전환을 하지 않은 상태의 계정,,1. 확인 버튼 클릭,(버튼)확인 : 클릭시 통합회원ID전환 및 결합페이지 이동된다.
mcoin,mcoin 멤버쉽 페이지 확인_005,취소 버튼,1. 해당 계정이 멤버쉽 전환을 하지 않은 상태의 계정,,1. 취소 버튼 클릭,(버튼)취소 : 클릭시 사용자가 접근한 서비스 메인화면 이동(로그인상태)
mcoin,mcoin 내역 조회_001,내역 조회 ui,,,1. mcoin 내역 조회 페이지 ui 확인,"- 타이틀 : m.coin 내역
- 계정명? 닉네임? 실명? 노출 영역
- 일반 코인 노출 영역
- 소멸예정 코인 노출 영역(버튼)
- mcoin 전환 버튼
- 날짜 선택 소팅 버튼
- 사용내역 조회 셀렉트 박스
- 사용내역 노출 영역
- 닫기 버튼"
mcoin,mcoin 내역 조회_002,날짜 소팅 버튼,1. 내역이 존재하는 경우,,1. 1주일 버튼 클릭,1주일치 코인 사용 내역만 노출된다.(1주일 날짜 표기)
mcoin,mcoin 내역 조회_003,날짜 소팅 버튼,1. 내역이 존재하는 경우,,1. 1개월 버튼 클릭,1개월치 코인 사용 내역만 노출된다.(1개월 날짜 표기)
mcoin,mcoin 내역 조회_004,날짜 소팅 버튼,1. 내역이 존재하는 경우,,1. 3개월 버튼 클릭,3개월치 코인 사용 내역만 노출된다.(3개월 날짜 표기)
mcoin,mcoin 내역 조회_005,날짜 소팅 버튼,1. 내역이 존재하는 경우,,1. 6개월 버튼 클릭,6개월치 코인 사용 내역만 노출된다.(6개월 날짜 표기)
mcoin,mcoin 내역 조회_006,날짜 소팅 버튼,1. 내역이 존재하는 경우,,1. 1년 버튼 클릭,1년치 코인 사용 내역만 노출된다.(1년 날짜 표기)
mcoin,mcoin 내역 조회_007,날짜 소팅 버튼,1. 내역이 존재하지 않는 경우,,1. 모든 날짜 소팅 버튼 클릭,사용내역이 없다는 안내문구가 노출된다.
mcoin,mcoin 내역 조회_008,사용 내역 별 조회,1. 코인 사용 내역이 존재하는 경우,,"1. 셀렉트 박스 선택
2. 전체 선택(디폴트)",모든 코인 적립 내역이 조회되어 노출된다.
mcoin,mcoin 내역 조회_009,사용 내역 별 조회,1. 적립 내역이 존재하는 경우,,"1. 셀렉트 박스 선택
2. 적립 선택",코인 적립 내역만 조회되어 노출된다.
mcoin,mcoin 내역 조회_010,사용 내역 별 조회,1. 사용 내역이 존재하는 경우,,"1. 셀렉트 박스 선택
2. 사용 선택",코인 사용 내역만 조회되어 노출된다.
mcoin,mcoin 내역 조회_011,사용 내역 별 조회,1. 소멸 내역이 존재하는 경우,,"1. 셀렉트 박스 선택
2. 소멸 선택",코인 소멸 내역만 조회되어 노출된다.
mcoin,mcoin 내역 조회_012,사용 내역 별 조회,1. 적립취소 내역이 존재하는 경우,,"1. 셀렉트 박스 선택
2. 적립취소 선택",코인 적립취소 내역만 조회되어 노출된다.
mcoin,mcoin 내역 조회_013,사용 내역 별 조회,1. 사용취소 내역이 존재하는 경우,,"1. 셀렉트 박스 선택
2. 사용취소 선택",코인 사용취소 내역만 조회되어 노출된다.
mcoin,mcoin 내역 조회_014,소멸 예정 코인 내역 진입,,,1. 소멸예정 코인 버튼 클릭,소멸예정 코인 내역 페이지로 이동된다.
mcoin,mcoin 내역 조회_015,소멸 예정 코인 내역,,,1. 소멸예정 코인 내역 ui 확인,"- 타이틀 : 소멸예정 코인
- 안내문구 : 유효기간 경과로 소멸이 예상되는 코인입니다. 
- 소멸예정 코인 노출 영역(mcoin)
- 안내문구 : 3개월 내의 소멸예정 코인만 조회됩니다.
- 소멸예정 코인 조회 내역 노출 영역 (리스트로 유효기간과 코인수량 노출)

"
mcoin,mcoin 내역 조회_016,소멸 예정 코인 수량,,,1. 소멸예정 코인 수량 확인,소멸예정 코인 내역의 총합과 소멸예정 코인 영역의 수량의 합이 일치한다.
mcoin,mcoin 내역 조회_017,소멸 예정 코인 내역,,,1. 소멸예정 코인 내역 확인,소멸예정 코인 내역은 3개월 내의 소멸예정 코인 내역만 노출이 이루어진다.
mcoin,mcoin 전환_001,mcoin 전환 버튼,,,1. mcoin 전환으로 버튼 클릭,mcoin 전환 코인 조회 페이지로 이동이 이루어진다.
mcoin,mcoin 전환_002,mcoin 전환 조회 페이지,,,1. mcoin 전환 조회 페이지 ui 확인,"- 전환 가능 코인 조회 버튼
- 서비스별 코인 수량 영역
- 안내문구
전환된 M.Coin은 취소 및 서비스 코인으로 재전환 불가합니다. 
제휴서비스 코인 > M.Coin으로 전환된 코인의 유효기간은 1년입니다. 
- 닫기 버튼"
mcoin,mcoin 전환_003,전환 가능 코인 조회 버튼,,,1. 전환 가능 코인 조회 버튼 클릭,개인정보 3자 제공동의 팝업 페이지가 노출된다.
mcoin,mcoin 전환_004,개인정보 3자 제공동의,3자 제공 동의 하지 않았을 경우,,1. 개인정보 3자 제공동의 팝업 확인,"- 타이틀 : 개인정보 3자 제공 동의
- 안내문구 : 제공받는자...~ 이하 중략
- 동의 / 미동의 버튼
- 팝업 노출 시 백그라운드 딤드 처리"
mcoin,mcoin 전환_005,개인정보 3자 제공동의,3자 제공 동의 팝업 노출 상태,,1. 미동의 버튼 클릭,팝업이 닫히고 전환 조회 페이지가 유지된다.
mcoin,mcoin 전환_006,개인정보 3자 제공동의,3자 제공 동의 팝업 노출 상태,,1. 동의 버튼 클릭,동의 버튼 클릭 후 각 서비스별 전환 가능 코인 수량이 노출된다.
mcoin,mcoin 전환_007,서비스별 코인,,,1. 코인 수량이 존재하는 서비스 로고 클릭 (ex : 밈즈),mcoin 전환하기 페이지가 노출된다.
mcoin,mcoin 전환_008,mcoin 전환하기,,,1. mcoin 전환하기 페이지 ui 확인,"- 타이틀 :mcoin 으로 전환
- 서브 타이틀 : 서비스(밈즈) 코인을 mcoin 으로 전환하세요
- 서비스 코인 보유 수량 영역
- 코인 수량 입력 영역
- 계산하기 버튼
- 계산 후 전환 예정 mcoin 노출 영역
- 페이지 안내 문구 노출 영역
- 닫기 / 전환하기 버튼"
mcoin,mcoin 전환_009,mcoin 전환하기,,,"1. 코인 수량 입력 하지 않음
2. 계산하기 버튼 확인",계산하기 버튼이 활성화되지 않는다.
mcoin,mcoin 전환_010,mcoin 전환하기,,,"1. 코인 수량 입력
2. 계산하기 버튼 확인",계산하기 버튼이 활성화된다.
mcoin,mcoin 전환_011,mcoin 전환하기,,,"1. 수량 입력
2. 계산하기 버튼 클릭
3. 전환 예정 mcoin 확인",어드민에서 설정된 전환 비율 값과 동일한 값이 전환예정 mcoin 수량에 노출된다.
mcoin,mcoin 전환_012,mcoin 전환하기,어드민에서 전환 비율 1:1로 설정,,"1. 1,000 수량 입력
2. 계산하기 버튼 클릭
3. 전환 예정 mcoin 확인","전환 예정 mcoin 수량 1,000 으로 노출된다."
mcoin,mcoin 전환_013,mcoin 전환하기,어드민에서 전환 비율 2:1로 설정,,"1. 1,000 수량 입력
2. 계산하기 버튼 클릭
3. 전환 예정 mcoin 확인",전환 예정 mcoin 수량 500 으로 노출된다.
mcoin,mcoin 전환_014,mcoin 전환하기,어드민에서 전환 비율 3:1로 설정,,"1. 1,000 수량 입력
2. 계산하기 버튼 클릭
3. 전환 예정 mcoin 확인",전환 예정 mcoin 수량 333 으로 노출된다.
mcoin,mcoin 전환_015,mcoin 전환하기,,,"1. 계산하기 버튼 클릭
2. 전환 수량 확인
3. 전환하기 버튼 클릭","전환 확인 팝업 노출
전환하고 난 후에 전환취소가 불가합니다.
M.Coin코인으로 전환하시겠습니까? 
 [취소] [확인] 버튼"
mcoin,mcoin 전환_016,mcoin 전환하기,전환 확인 팝업 노출 상태,,1. 취소 버튼 클릭,팝업이 닫히며 현재 화면이 유지된다.
mcoin,mcoin 전환_017,mcoin 전환하기,전환 확인 팝업 노출 상태,,1. 확인 버튼 클릭,mcoin 전환 완료 처리가 이루어지며 전환 가능 코인 조회 페이지로 이동된다.
mcoin,mcoin 전환_018,이전 버튼,,,1. 이전 버튼 클릭,전환 가능 코인 조회 페이지로 이동된다.
mcoin,소멸 예정 메일_001,템플릿 메일 제목,,,1. 소멸 예정 메일 제목 확인,메일 제목 : (공지) M.coin 멤버쉽에서 소멸예정 코인을 알려드립니다.
mcoin,소멸 예정 메일_002,발신 주소,,,1. 소멸 예정 메일 발신 주소 확인,발신 주소 : no_reply@marvrus.com
mcoin,소멸 예정 메일_003,발송 시점과 발송 기준,,,1. 소멸 예정 메일 발송 시점과 발송 기준 확인,"발송 시점 : 매월 2일 오전 7시에 발송
발송 기준 : 해당 발송일자 기준 향후 3개월 간 소멸예정 m.coin 보유 대상자 회원"
mcoin,소멸 예정 메일_004,소멸 예정 메일 발송 확인,"1. 소멸 대상 코인 기준은 적립 일 기준 12개월이 경과 된 미사용 코인

2. api 개발 요청 or 서버팀에게 요청하여 테스트 시 필요한 계정의 mcoin 의 미사용 기간을 12개월 후로 연장시킨다.",,1. 소멸 예정 메일을 발송 시킨다. (api or 서버팀에게 요청),사전조건으로 소멸 예정 메일 발송 기준에 맞춰놓은 계정의 이메일로 소멸 예정 메일이 정상적으로 발송된다.
mcoin,소멸 예정 메일_005,메일 템플릿,,,1. 메일 템플릿 UI 확인,"- 타이틀 : M.COIN 멤버쉽 소멸 예정 안내
M.Coin멤버십 소멸예정 코인 안내 드립니다.
고객님의 소중한 코인 중 일부가 아래와 같이 소멸 예정입니다.
확인하시어 미리 사용해 주시기 바랍니다.
- 보유 현황 안내 문구 : [보유 M.Coin 현황은 $2023년 03월 2일$ 기준입니다]
- 발송일 기준 사용 가능 코인 출력 영역 : 사용가능 M.Coin : $1,606 C$
- 향후 3개월 간 소멸예정 M.COIN 내역 영역
- 나의 MCOIN 내역 보기 버튼
- M.COIN 안내 문구 영역"
mcoin,소멸 예정 메일_006,메일 템플릿,,,1. 보유 현황 안내 문구의 날짜 확인,템플릿 보유 현황 안내 문구의 날짜는 메일을 보낸 발송일과 동일하게 출력된다.
mcoin,소멸 예정 메일_007,메일 템플릿,,,1. 사용 가능 코인,메일 템플릿에 노출된 사용 가능 코인과 내 계정의 코인의 수량이 일치한다.
mcoin,소멸 예정 메일_008,메일 템플릿,,,"1. 3개월 간 코인 소멸 내역
2. 달별 소멸예정 코인 합계 수량 확인",템플릿의 합계 수량과 마이페이지의 월별 합계 수량이 일치한다.
mcoin,소멸 예정 메일_009,메일 템플릿,1. 마블러스 서비스에 로그아웃 된 상태,,"1. 나의 M.코인 내역 보기 버튼 클릭
2. 페이지 노출 확인",통합회원 로그인 페이지가 노출된다.
mcoin,소멸 예정 메일_010,메일 템플릿,"1. 마블러스 서비스에 로그아웃 된 상태
2. M코인 내역 보기 버튼 클릭하여 통합회원 로그인 페이지가 노출 된 상태",,"1. 로그인 실행
2. 페이지 노출 확인",나의 M코인 내역 페이지가 노출된다.
mcoin,소멸 예정 메일_011,메일 템플릿,1. 마블러스 서비스에 로그인이 된 상태,,"1. 나의 M.코인 내역 보기 버튼 클릭
2. 페이지 노출 확인",나의 M코인 내역 페이지가 노출된다.
m코인 멤버쉽관리,(admin)m코인 현황_001,진입,,,"1. m코인 멤버쉽 관리 선택
2. m코인 현황 클릭",m 코인 현황 페이지로 이동이 이루어진다.
m코인 멤버쉽관리,(admin)m코인 현황_002,m코인 현황 페이지 확인,,,1. m코인 현황 ui 확인,"- 검색영역 : 아래와 같이 노출
구분(전체/사용만료/사용/취소/회수/지급/전환)
처리일자 : 처리일자 : 처리일 기준 시작일~종료일 선택 (디폴트는 지난 한달 ~ 당일
키워드 검색조건 :  전체/회원ID/회원명/처리자
검색어 입력 영역

- 코인 내역 관련 구분 정보 표시
사용만료  : 코인 지급시 설정한 사용만료 일에 의해 자동 소멸
사용 : 서비스페이지(Front)에서 상품구입시 사용
취소 : 주문 취소 및 환불로 인한 코인 환급
회수 : 관리자에 의한 임의 회수
지급 : 관리자에 의한 지급 코인 사용 또는 회수는 사용만료일이 가까운 코인부터 차감됨
전환 : 사용자가 서비스페이지(Front) 코인 -> M.코인 전환완료시 

- 리스트 영역 : 리스트 Default 노출 순서는 처리일시 기준 내림차순
- 페이징 버튼 및 리스트 노출 개수 선택 셀렉트 박스
- 등록 버튼(등록 명칭 바꿔야함 지급/회수로)
- 엑셀 다운로드 버튼"
m코인 멤버쉽관리,(admin)m코인 현황_003,검색,,,1. 검색 영역 구분 값 확인,"셀렉트박스로 구분 값 선택 가능
디폴트 : 전체
사용만료 / 사용 / 취소 / 회수 / 지급 / 전환 선택 가능"
m코인 멤버쉽관리,(admin)m코인 현황_004,검색,,,"1. 구분 셀렉트박스 선택
2. 사용만료 선택",구분값이 사용만료인 리스트가 노출된다.
m코인 멤버쉽관리,(admin)m코인 현황_005,검색,,,"1. 구분 셀렉트박스 선택
2. 사용 선택",구분값이 사용인 리스트가 노출된다.
m코인 멤버쉽관리,(admin)m코인 현황_006,검색,,,"1. 구분 셀렉트박스 선택
2. 취소 선택",구분값이 취소인 리스트가 노출된다.
m코인 멤버쉽관리,(admin)m코인 현황_007,검색,,,"1. 구분 셀렉트박스 선택
2. 회수 선택",구분값이 회수인 리스트가 노출된다.
m코인 멤버쉽관리,(admin)m코인 현황_008,검색,,,"1. 구분 셀렉트박스 선택
2. 지급 선택",구분값이 지급인 리스트가 노출된다.
m코인 멤버쉽관리,(admin)m코인 현황_009,검색,,,"1. 구분 셀렉트박스 선택
2. 전환 선택",구분값이 전환인 리스트가 노출된다.
m코인 멤버쉽관리,(admin)m코인 현황_010,검색,,,1. 처리일자 캘린더 디폴트값 확인,지난 한달~당일로 캘린더가 설정된다.
m코인 멤버쉽관리,(admin)m코인 현황_011,검색,,,"1. 캘린더 날짜 변경
2. 리스트 확인",설정된 날짜의 값만 리스트에 노출된다.
m코인 멤버쉽관리,(admin)m코인 현황_012,리스트,,,1. 리스트 노출 순서 확인,처리일시 기준 내림차순이 디폴트값으로 노출된다.
m코인 멤버쉽관리,(admin)m코인 현황_013,리스트,,,1. 리스트 영역 컬럼 확인,"번호/사이트/회원명/회원아이디/구분/증액/감액사유/처리자/처리일시
위 컬럼이 노출"
m코인 멤버쉽관리,(admin)m코인 현황_014,리스트,,,1. 사이트 컬럼 확인,마블러스 서비스 사이트명이 노출된다.
m코인 멤버쉽관리,(admin)m코인 현황_015,리스트,,,1. 회원명 컬럼 확인,mcoin 처리가 이루어진 계정의 회원명이 노출된다. (가운데 글자 마스킹 처리)
m코인 멤버쉽관리,(admin)m코인 현황_016,리스트,,,1. 회원 아이디 컬럼 확인,mcoin 처리가 이루어진 계정의 아이디가 노출된다.
m코인 멤버쉽관리,(admin)m코인 현황_017,리스트,,,1. 구분 컬럼 확인,mcoin 처리가 이루어진 계정의 구분값이 노출된다.
m코인 멤버쉽관리,(admin)m코인 현황_018,리스트,,,1. 증액 컬럼 확인,mcoin 관리자 지급이 이루어진 수량이 노출된다.
m코인 멤버쉽관리,(admin)m코인 현황_019,리스트,,,1. 감액 컬럼 확인,mcoin 관리자 회수가 이루어진 수량이 노출된다.
m코인 멤버쉽관리,(admin)m코인 현황_020,리스트,,,1. 사유 컬럼 확인,회수가 이루어진 사유가 노출된다.
m코인 멤버쉽관리,(admin)m코인 현황_021,리스트,,,1. 전환 컬럼 확인,mcoin 전환 처리가 이루어진 수량이 노출된다.
m코인 멤버쉽관리,(admin)m코인 현황_022,리스트,,,1. 처리자 컬럼 확인,지급/회수 처리한 관리자 계정이 노출된다.
m코인 멤버쉽관리,(admin)m코인 현황_023,리스트,,,1. 처리일시 컬럼 확인,mcoin 처리가 이루어진 처리일시가 노출된다.
m코인 멤버쉽관리,(admin)m코인 현황_024,리스트,,,1. 리스트 노출 목록수 옵션 선택 셀렉트박스 클릭,셀렉트 박스 내 목록 선택 옵션이 10/20/30/40/50/100 존재한다.
m코인 멤버쉽관리,(admin)m코인 현황_025,리스트,,,"1. 목록수 옵션 임의 선택 (ex : 50)
2. 리스트 확인",리스트 목록에 선택한 옵션수 만큼의 목록이 노출된다.
m코인 멤버쉽관리,(admin)m코인 현황_026,엑셀다운로드,,,"1. 임의의 검색영역 세팅
2. 엑셀다운로드 버튼 클릭",정상적으로 엑셀 다운로드가 이루어지며 선택한 검색 값과 동일한 값이 엑셀 내 데이터로 이루어진다.
m코인 멤버쉽관리,(admin)m코인 현황_027,등록 버튼 클릭,,,1. 등록 버튼 클릭 -> 명칭 바꿔야함 지급/회수로,클릭 시 등록 레이어가 노출된다.
m코인 멤버쉽관리,(admin)m코인 현황_028,코인 등록,,,1. 코인 등록 레이어 확인,"- 검색구분 : 회원검색 / 일괄등록 라디오 버튼
- 회원검색 선택 시 회원 검색 - 회원 선택 영역 노출
- 일괄등록 선택 시 일괄등록 영역 노출
- 지급/회수 선택 셀렉트박스
- 지급/회수 수량 입력 필드
- 지급/회수 사유 입력 필드"
m코인 멤버쉽관리,(admin)m코인 현황_029,회원 선택 검색,,,1. 검색 부분에서 회원 검색 선택,회원을 검색 할 수 있는 모달이 생성된다.
m코인 멤버쉽관리,(admin)m코인 현황_030,회원 선택 검색,,,1. 회원 검색 버튼 클릭,회원명/아이디 등이 검색 가능한 검색어 입력 필드가 노출된다.
m코인 멤버쉽관리,(admin)m코인 현황_031,회원 선택 검색,,,"1. 검색 영역에서 회원명 입력
2. 검색 버튼 클릭",입력한 검색값의 회원이 노출된다.
m코인 멤버쉽관리,(admin)m코인 현황_032,회원 선택 검색,,,1. 회원 선택 후 적용 버튼 클릭,선택한 회원이 리스트에 반영된다.
m코인 멤버쉽관리,(admin)m코인 현황_033,회원 선택 검색,,,1. 리스트 내 추가된 회원 선택 후 삭제 버튼 클릭,리스트 내 회원 삭제가 가능하다. 삭제 버튼 클릭 시 안내 얼럿이 노출된다.
m코인 멤버쉽관리,(admin)m코인 현황_034,회원 일괄등록,,,1. 검색 부분에서 일괄등록 선택,회원입력 (아이디? 계정명? 문코드?) 입력 필드 생성된다.
m코인 멤버쉽관리,(admin)m코인 현황_035,회원 일괄등록,,,1. 일괄등록 입력 필드 확인,회원 정보를 콤마로 구분하여 최대 100명까지 입력이 가능하다.
m코인 멤버쉽관리,(admin)m코인 현황_036,지급/회수,,,1. 구분 셀렉트 박스 선택,지급/회수 선택이 가능하다.
m코인 멤버쉽관리,(admin)m코인 현황_037,mcoin 입력,,,1. mcoin 수량 입력 영역 확인,100 단위의 숫자만 입력이 가능하다.
m코인 멤버쉽관리,(admin)m코인 현황_038,사유,,,1. 사유 입력 필드 확인,사유 입력이 정상적으로 이루어진다.
m코인 멤버쉽관리,(admin)m코인 현황_039,코인 지급,1. 필수값 입력하지 않음,,1. 저장 버튼 클릭,저장 버튼 활성화가 이루어지지 않는다.
m코인 멤버쉽관리,(admin)m코인 현황_040,코인 지급,1. 모든 필수값 입력,,1. 저장 버튼 클릭,선택 된 회원or다수의 회원들에게 코인 지급이 이루어진다.
m코인 멤버쉽관리,(admin)m코인 현황_041,코인 회수,1. 필수값 입력하지 않음,,1. 저장 버튼 클릭,저장 버튼 활성화가 이루어지지 않는다.
m코인 멤버쉽관리,(admin)m코인 현황_042,코인 지급,1. 모든 필수값 입력,,1. 저장 버튼 클릭,선택 된 회원or다수의 회원들에게 코인 회수가 이루어진다.
m코인 멤버쉽관리,(admin)m코인 현황_043,코인 지급,"1. 유효하지 않은 회원정보가 회원 목록에 있음
2. 모든 필수값 입력",,1. 저장 버튼 클릭,"유효하지 않은 회원정보가 출력된다.
ex 알럿 : 유효하지 않은 정보 노출
해당 건을 제외하고 저장하시겠습니까?
예/아니오"
m코인 멤버쉽관리,(admin)사이트설정_001,-,,,1. 사이트설정 페이지 구성 확인,"- 검색영역
처리일 : 처리일 기준 시작일~종료일
사용여부 : 전체/사용/사용중지
키워드 검색조건 : 전체/사이트명/사이트아이디/처리자
- 리스트 노출 선택 셀렉트 박스
(10개/20개/30개/40개/50개/100개/200개) 선택
디폴트는 10개
- 컬럼 항목
번호/사이트명/사이트 아이디/m코인 사용여부/코인:mcoin(교환 비율)/처리자/처리일시"
m코인 멤버쉽관리,(admin)사이트설정_002,코인 상세 조회,,,"1. 임의의 row 클릭
2. 페이지 이동 확인","선택한 서비스의 코인 조회 페이지가 노출된다.
(ex: 서비스 밈즈 선택 -> 밈즈 코인 상세 조회 페이지로 이동)"
m코인 멤버쉽관리,(admin)사이트설정_003,코인 상세 조회,,,1. 코인 상세 조회 페이지 확인,"- 사이트명 : ex : 밈즈
- 사이트 아이디 : ex : meemz
- m.coin 멤버쉽 설정
- 수정 / 목록 버튼"
m코인 멤버쉽관리,(admin)사이트설정_004,코인 상세 조회,,,1. 수정 버튼 클릭,수정 페이지로 이동된다.
m코인 멤버쉽관리,(admin)사이트설정_005,코인 상세 조회,,,"1. 수정 페이지 진입
2. 기본정보 영역 수정 여부 확인",기본정보 영역 (사이트명 / 사이트아이디) 수정이 불가능하다.
m코인 멤버쉽관리,(admin)사이트설정_006,코인 상세 조회,,,"1. 수정 페이지 진입
2. 엠코인 멤버쉽 설정 사용 여부 확인",사용여부 선택/해제 토글버튼 수정이 비활성화 되어 수정이 불가능하다.
m코인 멤버쉽관리,(admin)사이트설정_007,코인 상세 조회,1. 멤버쉽 설정 사용이 되어 있음,,1. 엠코인 멤버쉽 셀렉트 박스 선택,숫자 1~10까지 선택이 가능하다.
m코인 멤버쉽관리,(admin)사이트설정_008,코인 상세 조회,1. 엠코인 멤버쉽 셀렉트 박스 선택된 상태,,1. 1~10 가운데 임의의 숫자 선택,선택한 숫자가 해당 필드에 입력된다.
m코인 멤버쉽관리,(admin)사이트설정_009,코인 상세 조회,1. 멤버쉽 설정 사용이 되어 있음,,1. 소수점 이하 설정 라디오 버튼 확인,내림/올림/반올림 선택이 가능한 라디오 버튼이 노출된다.
m코인 멤버쉽관리,(admin)사이트설정_010,코인 상세 조회,1. 멤버쉽 설정 사용이 되어 있음,,1. 내림 / 올림 / 반올림 라디오 버튼 선택,정상적으로 선택이 이루어진다.
m코인 멤버쉽관리,(admin)사이트설정_011,코인 상세 조회,1. 멤버쉽 설정 사용이 되어 있음,,"1. 엠코인 멤버쉽 코인 비율 1 선택
2. 소수점 내림 선택
3. 저장 선택","해당 서비스의 엠코인 멤버쉽 수정이 이루어진다.
coin | mcoin 1:1 비율 / 소수점 내림"